Date	Result	WhiteElo	BlackElo	Opening	Moves
2019.11.01	1-0	1504	1505	Van't Kruijs Opening	1. e3 e5 2. b3 Qf6 3. Bb2 Bd6 4. f4 Nc6
2019.11.01	0-1	1487	1485	Carr Defense	1. e4 h6 2. d4 a6 3. c4 e6 4. e5 d5
2019.11.01	1-0	1516	1523	Nimzo-Indian Defense: Classical Variation, Noa Variation	1. d4 Nf6 2. c4 e6 3. Nc3 Bb4 4. Qc2 d5
2019.11.01	0-1	1682	1666	Ruy Lopez: Morphy Defense, Neo-Arkhangelsk Variation	1. e4 e5 2. Nf3 Nc6 3. Bb5 a6 4. Ba4 Nf6
2019.11.01	1-0	1765	1766	Italian Game: Giuoco Pianissimo	1. e4 e5 2. Bc4 Nc6 3. Nf3 Bc5 4. d3 h6
2019.11.01	0-1	1531	1526	Owen Defense	1. e4 b6 2. d4 Bb7 3. Bd3 d5 4. e5 Nc6
2019.11.01	1-0	1348	1417	King's Pawn	1. e4
2019.11.01	1-0	1849	1827	Scandinavian Defense: Modern Variation #2	1. e4 d5 2. exd5 Nf6 3. Nc3 Nxd5 4. Nxd5 Qxd5
2019.11.01	1-0	1496	1529	Semi-Slav Defense: Accelerated Move Order	1. d4 d5 2. c4 e6 3. Nc3 c6 4. e3 h6
2019.11.01	0-1	1494	1482	King's Pawn Game: Busch-Gass Gambit	1. e4 e5 2. Nf3 Bc5 3. Bc4 Qf6 4. a4 a6
2019.11.01	1-0	1621	1624	Queen's Pawn Game: Zukertort Variation	1. d4 d5 2. Nf3
2019.11.01	1/2-1/2	1724	1715	Queen's Gambit Declined: Semi-Tarrasch Defense	1. d4 d5 2. c4 Nf6 3. Nc3 e6 4. Nf3 c5
2019.11.01	1-0	1700	1684	Vienna Game: Vienna Gambit	1. e4 e5 2. Nc3 Nf6 3. f4 exf4 4. e5 Ng8
2019.11.01	1-0	1602	1600	Rat Defense: Small Center Defense	1. e4 d6 2. d4 e6 3. Bd3 b6 4. Nf3 Bb7
2019.11.01	1-0	1503	1502	French Defense: Advance Variation #3	1. e4 e6 2. d4 d5 3. e5 Nc6 4. Nf3 b6
2019.11.01	0-1	1855	1867	Queen's Pawn	1. d4 c6 2. Bf4 d5 3. Nf3 Nf6 4. e3 Bf5
2019.11.01	1-0	1340	1317	Sicilian Defense: Najdorf, Lipnitsky Attack	1. e4 c5 2. Nf3 d6 3. d4 cxd4 4. Nxd4 Nf6
2019.11.01	0-1	1677	1888	English Opening: Agincourt Defense	1. c4 e6 2. d3 d5 3. cxd5 exd5 4. Nc3 Nf6
2019.11.01	1-0	1805	1817	Scotch Game	1. e4 e5 2. Nf3 Nc6 3. d4 exd4 4. Nxd4 Nxd4
2019.11.01	1-0	1934	1947	Caro-Kann Defense: Classical Variation	1. e4 c6 2. d4 d5 3. Nc3 dxe4 4. Nxe4 Bf5
2019.11.01	1/2-1/2	1781	1781	Sicilian Defense: French Variation	1. e4 c5 2. Nf3 e6 3. Bc4 d6 4. O-O a6
2019.11.01	0-1	1568	1592	Zukertort Opening: Queen's Gambit Invitation	1. Nf3 e6 2. d4 d5 3. Bf4 c5 4. e3 Qb6
2019.11.01	1-0	1648	1621	King's Gambit	1. e4 e5 2. f4 d6 3. Nf3 Nc6 4. fxe5 Nxe5
2019.11.01	0-1	1939	1935	Scotch Game: Scotch Gambit, Advance Variation	1. e4 e5 2. Nf3 Nc6 3. d4 exd4 4. Bc4 Nf6
2019.11.01	1-0	1984	1977	Queen's Gambit Refused: Marshall Defense	1. d4 d5 2. c4 Nf6 3. cxd5 Nxd5 4. e4 Nf6
2019.11.01	1-0	1122	1204	Queen's Pawn	1. d4 d6 2. Bf4 b6 3. e4 c5 4. Nf3 Nc6
2019.11.01	1-0	1402	1404	Italian Game: Two Knights Defense, Open Variation	1. e4 e5 2. Nf3 Nc6 3. Bc4 Nf6 4. d4 d5
2019.11.01	0-1	1852	1898	Queen's Pawn Game: London System	1. d4 d5 2. Nf3 Nf6 3. Bf4 e6 4. c4 Bd6
2019.11.01	1-0	1761	1725	Indian Game	1. d4 Nf6 2. Bf4 d6 3. c4 Nbd7 4. Nc3 c5
2019.11.01	1-0	1780	1771	Nimzo-Larsen Attack: Classical Variation	1. b3 d5 2. Bb2 f5 3. e3 Nf6 4. h3 e6
2019.11.01	1/2-1/2	2028	2028	Sicilian Defense: Nyezhmetdinov-Rossolimo Attack, Fianchetto Variation	1. e4 c5 2. Nf3 Nc6 3. Bb5 g6 4. c3 a6
2019.11.01	0-1	1862	1851	Italian Game: Giuoco Pianissimo, Normal	1. e4 e5 2. Nf3 Nc6 3. Bc4 Bc5 4. d3 Nf6
2019.11.01	1-0	2061	2058	English Opening: Caro-Kann Defensive System	1. c4 c6 2. Nc3 d5 3. cxd5 cxd5 4. d4 Nc6
2019.11.01	1-0	2254	2180	King's Indian Defense: Four Pawns Attack, Dynamic Attack	1. d4 Nf6 2. c4 g6 3. Nc3 d6 4. e4 Bg7
2019.11.01	1-0	2235	2215	Trompowsky Attack: Raptor Variation	1. d4 Nf6 2. Bg5 Ne4 3. h4 c5 4. d5 Qa5+
2019.11.01	1/2-1/2	2001	2009	Zukertort Opening: Queen's Gambit Invitation	1. Nf3 e6 2. d3 d6 3. e4 b6 4. g3 Bb7
2019.11.01	0-1	2126	2139	Sicilian Defense: Najdorf Variation	1. e4 c5 2. Nf3 d6 3. d4 cxd4 4. Nxd4 Nf6
2019.11.01	0-1	2087	2098	Sicilian Defense: Closed #2	1. e4 c5 2. Nc3 e6 3. g3 d6 4. Bg2 Nf6
2019.11.01	1-0	1913	1911	Philidor Defense: Hanham Variation	1. e4 e5 2. Nf3 d6 3. d4 Nd7 4. Bc4 Be7
2019.11.01	1-0	2112	2119	Caro-Kann Defense: Alekhine Gambit	1. e4 c6 2. d4 d5 3. Nd2 dxe4 4. Nxe4 Nf6
2019.11.01	1/2-1/2	1924	1938	Sicilian Defense: Chekhover Variation	1. e4 c5 2. Nf3 d6 3. d4 cxd4 4. Qxd4 Nf6
2019.11.01	1-0	1953	1947	Queen's Pawn Game: Zukertort Variation	1. Nf3 d5 2. d4 e6 3. c4 Nf6 4. g3 a6
2019.11.01	1-0	1908	1888	Sicilian Defense: Old Sicilian	1. e4 c5 2. Nf3 Nc6 3. Bc4 e6 4. c3 d5
2019.11.01	1-0	1819	1810	French Defense: Exchange Variation	1. e4 e6 2. d4 d5 3. exd5 exd5 4. Nf3 c6
2019.11.01	0-1	2149	2143	Caro-Kann Defense: Advance Variation, Bayonet Attack	1. e4 c6 2. d4 d5 3. e5 Bf5 4. g4 Be4
2019.11.01	0-1	2013	2038	Neo-Grünfeld Defense: Classical Variation, Original Defense	1. d4 d5 2. Nf3 Nf6 3. g3 g6 4. Bg2 Bg7
2019.11.01	1-0	1416	1292	Scandinavian Defense	1. e4 d5 2. Nc3 dxe4 3. Nxe4 Nf6 4. Nxf6+ exf6
2019.11.01	1-0	1930	1928	Horwitz Defense	1. d4 e6 2. Bf4 d6 3. c3 Be7 4. Nd2 Nd7
2019.11.01	1-0	1765	1688	Queen's Pawn Game: Mason Attack	1. d4 d5 2. Bf4 e6 3. Nf3 Nf6 4. h3 c5
2019.11.01	1-0	1654	1500	Four Knights Game: Spanish Variation, Classical Variation	1. e4 e5 2. Nf3 Nc6 3. Nc3 Nf6 4. Bb5 Bc5
2019.11.01	0-1	1520	1663	Indian Game: London System	1. d4 Nf6 2. Nf3 e6 3. Bf4 d5 4. e3 Bd6
2019.11.01	1-0	1400	1248	Zukertort Opening: Queen's Gambit Invitation	1. Nf3 e6 2. e3 g6 3. Be2 Nf6 4. b3 Bg7
2019.11.01	1-0	1888	1880	Sicilian Defense: Paulsen Variation, Bastrikov Variation	1. e4 c5 2. Nf3 e6 3. d4 cxd4 4. Nxd4 Nc6
2019.11.01	0-1	1997	1994	Bird Opening	1. f4 d6 2. Nf3 Nf6 3. d4 g6 4. Nc3 Bg7
2019.11.01	1/2-1/2	1676	1670	Sicilian Defense: Closed	1. e4 c5 2. Nc3 e6 3. f4 d5 4. exd5 exd5
2019.11.01	1/2-1/2	2061	2051	Queen's Gambit Declined: Three Knights Variation	1. d4 d5 2. c4 e6 3. Nf3 Nf6 4. Nc3 Be7
2019.11.01	1-0	1748	1734	Horwitz Defense	1. d4 e6 2. e3 d5 3. Bd3 c5 4. c3 Nf6
2019.11.01	0-1	1755	1790	Scotch Game: Haxo Gambit	1. e4 e5 2. Nf3 Nc6 3. Bc4 Bc5 4. d4 exd4
2019.11.01	1-0	1987	1985	Modern Defense: Standard Defense	1. e4 d6 2. d4 g6 3. Nc3 Bg7 4. Bg5 Nf6
2019.11.01	1-0	1435	1620	Sicilian Defense: French Variation	1. e4 c5 2. Nf3 e6 3. Bc4 a6 4. a3 b5
2019.11.01	0-1	1578	1644	Alekhine Defense: Krejcik Variation	1. e4 Nf6 2. Bc4 e6 3. Qf3 d5 4. Ne2 dxe4
2019.11.01	1/2-1/2	1620	1924	Sicilian Defense: Bowdler Attack	1. e4 c5 2. Bc4 e6 3. Nc3 d6 4. a3 Nf6
2019.11.01	1-0	2040	2114	Hippopotamus Defense #2	1. e4 Nh6 2. Bc4 Rg8 3. Bxf7+ Nxf7 4. Nf3 Nh6
2019.11.01	0-1	965	991	King's Pawn Game: Napoleon Attack	1. e4 e5 2. Qf3 Nf6 3. g4 h6 4. d3 Bc5
2019.11.01	1-0	1268	1258	Ruy Lopez: Steinitz Defense	1. e4 Nc6 2. Nf3 e5 3. Bb5 d6 4. Bxc6+ bxc6
2019.11.01	0-1	1582	1554	Italian Game: Anti-Fried Liver Defense	1. e4 e5 2. Nf3 Nc6 3. Bc4 h6 4. O-O Nf6
2019.11.01	1-0	1490	1438	Ruy Lopez: Steinitz Defense	1. e4 e5 2. Nf3 Nc6 3. Bb5 d6 4. d4 a6
2019.11.01	0-1	1414	1399	King's Gambit Accepted, MacLeod Defense	1. e4 e5 2. f4 exf4 3. Nf3 Nc6 4. d4 d6
2019.11.01	1-0	1034	1204	Queen's Pawn Game: Mason Attack	1. d4 d5 2. Bf4 f5 3. Nf3 g6 4. e3 Bg7
2019.11.01	1-0	1349	1367	Benoni Defense: Benoni Gambit Accepted	1. d4 c5 2. dxc5 Qa5+ 3. Nc3 Qxc5 4. Nf3 g6
2019.11.01	1-0	1678	1649	Sicilian Defense: Open #3	1. e4 c5 2. Nf3 Nc6 3. d4 cxd4 4. Nxd4 Qa5+
2019.11.01	1-0	1292	1268	Italian Game: Two Knights Defense, Polerio Defense, Bishop Check Line	1. e4 e5 2. Nf3 Nc6 3. Bc4 Nf6 4. Ng5 d5
2019.11.01	0-1	1110	1045	Indian Game: Wade-Tartakower Defense	1. d4 d6 2. Nf3 Nf6 3. e3 Nbd7 4. Nc3 e5
2019.11.01	1-0	1003	1044	Torre Attack #2	1. d4 Nf6 2. Nf3 Nc6 3. Bf4 e6 4. Nc3 d5
2019.11.01	0-1	2113	2077	English Opening: King's English Variation, Reversed Sicilian	1. c4 e5 2. Nc3 f5 3. g3 Nf6 4. Bg2 Nc6
2019.11.01	0-1	1227	1255	King's Pawn Game: Wayward Queen Attack	1. e4 e5 2. Qh5 Nc6 3. Nh3 g6 4. Qf3 d6
2019.11.01	0-1	1389	1387	Bishop's Opening: Boi Variation	1. e4 e5 2. Bc4 Bc5 3. Qf3 Qf6 4. d3 c6
2019.11.01	0-1	1254	1294	English Opening	1. c4 d6 2. Nc3 e5 3. e3 c5 4. Nf3 f5
2019.11.01	0-1	1878	1884	Sicilian Defense	1. e4 c5 2. Nf3 d6 3. c4 g6 4. d3 Bg7
2019.11.01	0-1	1649	1646	Queen's Pawn Game: Mason Attack	1. d4 d5 2. Bf4 Bf5 3. e3 e6 4. Bd3 Bxd3
2019.11.01	0-1	1145	1237	Scandinavian Defense: Main Line, Mieses Variation	1. e4 d5 2. exd5 Qxd5 3. Nc3 Qa5 4. d4 Nf6
2019.11.01	1-0	1497	1462	Sicilian Defense: Nyezhmetdinov-Rossolimo Attack	1. e4 c5 2. Nf3 Nc6 3. Bb5 a6 4. Ba4 b5
2019.11.01	0-1	1512	1500	Sicilian Defense: Old Sicilian	1. e4 c5 2. Nf3 Nc6 3. Bc4 e6 4. c3 d5
2019.11.01	1-0	2009	1957	Queen's Gambit Declined: Traditional Variation	1. d4 d5 2. c4 e6 3. Nf3 Nf6 4. Bg5 Nbd7
2019.11.01	1-0	1336	1338	Pirc Defense: Classical Variation	1. d4 Nf6 2. Nc3 g6 3. Nf3 Bg7 4. e4 d6
2019.11.01	0-1	1960	2051	Modern Defense	1. d4 d6 2. c4 g6 3. Nc3 Bg7 4. e3 Nf6
2019.11.01	1-0	1706	1673	Scandinavian Defense	1. e4 d5 2. e5 d4 3. f4 Nh6 4. Nf3 c5
2019.11.01	0-1	2048	2116	Englund Gambit Declined, Reversed French	1. e3 e5 2. d4 exd4 3. exd4 Nf6 4. c3 d5
2019.11.01	1-0	1049	1077	Zukertort Opening: Tennison Gambit	1. e4 d5 2. Nf3 dxe4 3. Ng5 h5 4. Nxe4 Bg4
2019.11.01	1-0	1639	1554	English Defense #2	1. d4 b6 2. Nf3 Bb7 3. Nc3 e6 4. Bf4 Nf6
2019.11.01	0-1	1743	1770	Horwitz Defense	1. d4 e6 2. c4 d6 3. Nc3 Be7 4. e4 Nf6
2019.11.01	1-0	1448	1319	Dutch Defense	1. d4 f5 2. c4 d5 3. cxd5 Qxd5 4. Nc3 Qd8
2019.11.01	0-1	1540	1552	Sicilian Defense: Closed	1. e4 c5 2. g3 Nc6 3. Bg2 g6 4. Nc3 Bg7
2019.11.01	1-0	1295	1267	Sicilian Defense: Bowdler Attack	1. e4 c5 2. Bc4 Nc6 3. c3 g6 4. Na3 Bg7
2019.11.01	1/2-1/2	1907	1887	Nimzo-Indian Defense: Three Knights Variation, Duchamp Variation	1. d4 Nf6 2. Nf3 e6 3. c4 b6 4. Nc3 Bb4
2019.11.01	0-1	1909	2008	Queen's Pawn Game: Symmetrical Variation	1. d4 d5 2. Nf3 Nf6 3. Nc3 c6 4. Bg5 Nbd7
2019.11.01	0-1	1925	1990	Queen's Pawn Game: Chigorin Variation	1. d4 d5 2. Nc3 Nf6 3. Bf4 e6 4. Nb5 Na6
2019.11.01	1-0	1783	1716	Nimzo-Larsen Attack: Modern Variation #2	1. b3 e5 2. Bb2 e4 3. e3 d5 4. d3 f5
2019.11.01	1-0	1467	1455	Van't Kruijs Opening	1. e3 e6 2. c4 d5 3. Qa4+ Bd7 4. Qb3 dxc4
2019.11.01	0-1	1556	1641	Scotch Game #3	1. e4 e5 2. Nf3 Nc6 3. d4 exd4 4. Bf4 Nf6
2019.11.01	0-1	2145	2112	Sicilian Defense: Delayed Alapin Variation	1. e4 c5 2. Nf3 e6 3. c3 Nc6 4. d4 cxd4
2019.11.01	0-1	1435	1443	Queen's Pawn Game: Chigorin Variation	1. d4 d5 2. Nc3 Nf6 3. Nf3 e6 4. Ne5 Bb4
2019.11.01	0-1	1842	1911	Zukertort Opening: Vos Gambit	1. d4 e5 2. Nf3 d6 3. dxe5 Nc6 4. exd6 Bxd6
2019.11.01	1-0	2044	1927	Queen's Gambit Accepted	1. d4 d5 2. c4 dxc4 3. Nc3 e6 4. e4 a6
2019.11.01	0-1	1177	1165	Vienna Game: Max Lange Defense	1. e4 e5 2. Nc3 Nc6 3. Bb5 Nf6 4. d3 Bc5
2019.11.01	1-0	1014	1069	Zukertort Opening: Black Mustang Defense	1. Nf3 Nc6 2. h3 e5 3. e3 e4 4. d3 exf3
2019.11.01	0-1	1685	1661	King's Pawn Game: Leonardis Variation	1. e4 e5 2. d3 d5 3. Be3 c5 4. Qc1 d4
2019.11.01	1-0	1423	1414	Pirc Defense: Classical Variation	1. e4 g6 2. Nf3 Bg7 3. d4 d6 4. Nc3 Nf6
2019.11.01	1-0	1392	1273	Sicilian Defense: Smith-Morra Gambit #2	1. e4 c5 2. d4 cxd4 3. Qxd4 Nc6 4. Qd1 d6
2019.11.01	1-0	1609	1591	Sicilian Defense: Franco-Sicilian Variation	1. e4 c5 2. d4 e6 3. Nf3 Nc6 4. Bc4 b6
2019.11.01	1-0	1500	1580	King's Knight Opening	1. e4 e5 2. Nf3 Bd6 3. d4 f6 4. d5 Qe7
2019.11.01	0-1	1813	1951	Center Game: Halasz-McDonnell Gambit	1. e4 e5 2. d4 exd4 3. f4 d5 4. e5 Bb4+
2019.11.01	0-1	1936	1995	English Opening: Great Snake Variation	1. c4 g6 2. Nc3 Bg7 3. e4 d6 4. f4 Nd7
2019.11.01	0-1	1580	1578	Mieses Opening	1. d3 d5 2. Nc3 c5 3. e3 e5 4. f3 Be6
2019.11.01	0-1	1707	1594	Semi-Slav Defense: Accelerated Move Order	1. d4 d5 2. c4 c6 3. Nc3 e6 4. Nf3 Bd6
2019.11.01	1-0	1825	1869	Dutch Defense	1. d4 f5 2. e3 Nf6 3. Nf3 e6 4. Nc3 Be7
2019.11.01	0-1	1770	1765	French Defense: Knight Variation	1. e4 e6 2. Nf3 d6 3. d4 Nf6 4. Nc3 Be7
2019.11.01	1-0	2050	2025	Polish Opening	1. b4 e6 2. Bb2 Nf6 3. a3 d5 4. e3 a5
2019.11.01	1-0	1501	1402	Queen's Pawn Game: Mason Attack	1. d4 d5 2. Bf4 e6 3. Nf3 Nf6 4. e3 g6
2019.11.01	1-0	1997	2023	Scandinavian Defense: Mieses-Kotroc Variation	1. e4 d5 2. exd5 Qxd5 3. d4 e5 4. Nf3 Qe4+
2019.11.01	1-0	1700	1631	Bird Opening	1. f4 f5 2. Nf3 Nf6 3. g3 b6 4. Bg2 Bb7
2019.11.01	0-1	1330	1302	King's Pawn Game: McConnell Defense	1. e4 e5 2. Nf3 Qf6 3. d3 h6 4. b3 c6
2019.11.01	0-1	2103	2319	Center Game #2	1. e4 e5 2. d4 f5 3. dxe5 Qe7 4. Qd5 Nc6
2019.11.01	0-1	1799	1785	Four Knights Game: Spanish Variation	1. e4 e5 2. Nf3 Nc6 3. Nc3 Nf6 4. Bb5 d6
2019.11.01	0-1	1116	1234	King's Pawn Game: Leonardis Variation	1. e4 e5 2. d3 Qf6 3. g3 Bc5 4. Bg2 Qxf2#
2019.11.01	1-0	1873	1875	Slav Defense: Exchange Variation	1. d4 d5 2. c4 c6 3. cxd5 cxd5 4. Nc3 Nc6
2019.11.01	1-0	1993	1951	French Defense: Exchange Variation	1. e4 e6 2. d4 d5 3. exd5 exd5 4. Nf3 Bd6
2019.11.01	1-0	1922	1866	Sicilian Defense: Modern Variations, Main Line	1. e4 c5 2. Nf3 d6 3. d4 cxd4 4. Nxd4 Nf6
2019.11.01	0-1	1450	1667	Sicilian Defense: McDonnell Attack	1. e4 c5 2. f4 Nc6 3. Bc4 a6 4. a4 Nf6
2019.11.01	1-0	1442	1436	Sicilian Defense: Smith-Morra Gambit Declined, Push Variation	1. e4 c5 2. d4 cxd4 3. c3 d3 4. Bxd3 a6
2019.11.01	1-0	1806	1809	Yusupov-Rubinstein System	1. d4 Nf6 2. e3 e6 3. Nf3 c5 4. dxc5 Bxc5
2019.11.01	1-0	2366	2126	Sicilian Defense: Najdorf Variation	1. e4 c5 2. Nf3 d6 3. d4 cxd4 4. Nxd4 Nf6
2019.11.01	1/2-1/2	1127	1069	Amar Opening	1. Nh3 e5 2. c3 d5 3. d4 Bxh3 4. dxe5 Bf5
2019.11.01	1-0	2122	2024	Pirc Defense: Classical Variation	1. e4 Nf6 2. Nc3 d6 3. Nf3 g6 4. d4 Bg7
2019.11.01	0-1	1402	1339	Queen's Pawn Game: Chigorin Variation	1. d4 d5 2. Nf3 Nc6 3. g3 Nf6 4. Bg2 Ng4
2019.11.01	1-0	1758	1781	Alekhine Defense: Maróczy Variation	1. d3 Nf6 2. e4 e5 3. f4 d6 4. Nf3 Bg4
2019.11.01	0-1	1867	1901	French Defense: Knight Variation	1. e4 e6 2. Nf3 d5 3. exd5 exd5 4. d4 Nf6
2019.11.01	1-0	1720	2253	Sicilian Defense: Four Knights Variation	1. e4 c5 2. Nf3 Nc6 3. d4 cxd4 4. Nxd4 Nf6
2019.11.01	1-0	1846	1809	Three Knights Opening: Steinitz Defense	1. e4 e5 2. Nf3 Nc6 3. Nc3 g6 4. Bc4 Bg7
2019.11.01	0-1	1720	1688	Sicilian Defense: Najdorf Variation, English Attack	1. e4 c5 2. Nf3 d6 3. d4 cxd4 4. Nxd4 Nf6
2019.11.01	1-0	1922	1906	Sicilian Defense: Grand Prix Attack	1. e4 c5 2. Nc3 Nc6 3. f4 g6 4. Nf3 Bg7
2019.11.01	0-1	1676	1601	Sicilian Defense: Drazic Variation	1. e4 c5 2. Nf3 a6 3. d4 e6 4. c4 h6
2019.11.01	1-0	1981	1972	King's Pawn	1. e4
2019.11.01	1-0	1550	1572	Queen's Pawn	1. d4 c6 2. Bf4 Nf6 3. Nf3 Nd5 4. Bg3 e6
2019.11.01	1-0	1904	1857	Zukertort Opening: Sicilian Invitation	1. Nf3 c5 2. g3 Nc6 3. Bg2 e6 4. O-O Nf6
2019.11.01	0-1	1745	1810	Queen's Gambit Declined: Exchange Variation	1. d4 d5 2. c4 e6 3. Nc3 Nf6 4. cxd5 Nxd5
2019.11.01	1-0	1949	1953	Sicilian Defense: Morphy Gambit	1. e4 c5 2. d4 cxd4 3. Nf3 Nf6 4. Bd3 g6
2019.11.01	0-1	1246	1276	French Defense: Knight Variation	1. e4 e6 2. Nf3 d5 3. exd5 exd5 4. d4 Nf6
2019.11.01	0-1	1382	1382	Owen Defense	1. e4 b6 2. d4 Bb7 3. e5 g6 4. Nf3 Bg7
2019.11.01	0-1	1189	1216	Sicilian Defense: Four Knights Variation	1. e4 c5 2. Nf3 e6 3. Nc3 Nf6 4. d4 cxd4
2019.11.01	1-0	1749	1738	Italian Game: Classical Variation	1. e4 e5 2. Nf3 Nc6 3. Bc4 Bc5 4. c3 Nf6
2019.11.01	1-0	1485	1455	Modern Defense: Averbakh Variation	1. e4 g6 2. d4 d6 3. c4 Bg7 4. Nc3 Nd7
2019.11.01	1-0	1160	1158	Four Knights Game	1. e4 e5 2. Nc3 Nc6 3. Nf3 Nf6 4. d3 Bc5
2019.11.01	1-0	1469	1493	Caro-Kann Defense: Karpov Variation	1. e4 c6 2. d4 d5 3. Nd2 dxe4 4. Nxe4 Nd7
2019.11.01	1-0	2236	2248	Nimzo-Larsen Attack	1. b3 g6 2. Bb2 f6 3. h4 Bg7 4. h5 g5
2019.11.01	0-1	1944	1987	Sicilian Defense: Old Sicilian	1. e4 c5 2. Nf3 Nc6 3. d3 e6 4. Be2 d5
2019.11.01	0-1	2107	2073	Nimzo-Larsen Attack	1. b3 d6 2. Bb2 Nf6 3. e3 g6 4. d4 Bg7
2019.11.01	1-0	2037	2032	Pirc Defense #4	1. e4 d6 2. Nf3 Nf6 3. Nc3 Nbd7 4. b3 e5
2019.11.01	1-0	1425	1423	Indian Game	1. d4 Nf6 2. Bf4 e6 3. e3 d5 4. Nf3 c5
2019.11.01	0-1	1692	1774	Sicilian Defense: Bowdler Attack	1. e4 c5 2. Bc4 e6 3. c3 d5 4. d4 dxc4
2019.11.01	0-1	1361	1332	Center Game: Halasz-McDonnell Gambit, Crocodile Variation	1. e4 e5 2. f4 Bc5 3. Nf3 Nc6 4. d4 exd4
2019.11.01	0-1	1805	1844	Caro-Kann Defense: Breyer Variation	1. d3 c6 2. e4 d5 3. exd5 cxd5 4. Nc3 Nf6
2019.11.01	0-1	2378	2384	Zukertort Opening: Kingside Fianchetto	1. Nf3 g6 2. g3 Bg7 3. Bg2 e5 4. O-O Nc6
2019.11.01	1-0	2022	2030	Old Benoni Defense	1. d4 c5 2. e3 cxd4 3. exd4 d6 4. Nf3 Nc6
2019.11.01	0-1	1917	1909	Sicilian Defense: Modern Variations, Tartakower	1. e4 c5 2. Nf3 d6 3. d4 cxd4 4. c3 Nf6
2019.11.01	1-0	1949	1978	Slav Defense: Exchange Variation	1. d4 d5 2. c4 c6 3. cxd5 cxd5 4. Nf3 Nf6
2019.11.01	1-0	2153	2053	English Opening: Anglo-Indian Defense, Scandinavian Defense	1. Nf3 d5 2. c4 Nf6 3. cxd5 Qxd5 4. Nc3 Qa5
2019.11.01	1-0	1990	1984	Amar Opening	1. Nh3 d5 2. g3 c6 3. f3 Nf6 4. Nf2 e5
2019.11.01	0-1	1600	1617	Scandinavian Defense	1. e4 d5 2. Nc3 d4 3. Nce2 e5 4. d3 c6
2019.11.01	1-0	2198	2202	Italian Game: Two Knights Defense, Fritz Variation	1. e4 e5 2. Nf3 Nc6 3. Bc4 Nf6 4. Ng5 d5
2019.11.01	1-0	1675	1682	Philidor Defense: Lion Variation	1. e4 d6 2. Nf3 Nf6 3. Nc3 Nbd7 4. d4 e5
2019.11.01	0-1	1470	1457	Philidor Defense #2	1. e4 e5 2. Nf3 d6 3. Nc3 Nf6 4. Bc4 Be6
2019.11.01	0-1	2026	2021	Sicilian Defense: Delayed Alapin	1. e4 c5 2. Nf3 d6 3. c3 g6 4. d4 Nd7
2019.11.01	0-1	2026	2033	Bishop's Opening: Vienna Hybrid	1. e4 e5 2. Bc4 Nc6 3. Nc3 Nf6 4. d3 Bc5
2019.11.01	1-0	1805	1781	Réti Opening	1. Nf3
2019.11.01	0-1	2043	2047	English Opening: Symmetrical Variation, Normal Variation	1. c4 c5 2. Nc3 g6 3. Nf3 Bg7 4. e3 Nc6
2019.11.01	0-1	1839	1846	King's Indian Attack: Wahls Defense	1. g3 Nf6 2. Bg2 g6 3. Nf3 Bg7 4. O-O O-O
2019.11.01	0-1	1660	1661	Scandinavian Defense: Mieses-Kotroc Variation	1. e4 d5 2. exd5 Qxd5 3. Nc3 Qd8 4. Nf3 Bf5
2019.11.01	0-1	2009	2005	Sicilian Defense: Open #3	1. e4 c5 2. Nf3 Nc6 3. d4 cxd4 4. Nxd4 d6
2019.11.01	0-1	1534	1515	Latvian Gambit Accepted	1. e4 e5 2. Nf3 f5 3. exf5 Nf6 4. Nxe5 d6
2019.11.01	0-1	1434	1247	English Opening: King's English Variation, Kramnik-Shirov Counterattack	1. c4 e5 2. Nc3 Bb4 3. Nf3 Bxc3 4. dxc3 Nc6
2019.11.01	1-0	2215	2196	Zukertort Opening: Slav Invitation	1. Nf3 c6 2. g3 d5 3. Bg2 Nf6 4. O-O Bf5
2019.11.01	1-0	1908	1878	Scandinavian Defense: Mieses-Kotroc Variation	1. e4 d5 2. exd5 Qxd5 3. Nf3 Bg4 4. Be2 Nc6
2019.11.01	1-0	1868	1581	London System	1. d4 Nf6 2. Nf3 g6 3. Bf4 Bg7 4. e3 d6
2019.11.01	1/2-1/2	1567	1562	Réti Opening #2	1. Nf3 Nf6 2. Nc3 g6 3. e4 d6 4. Bc4 Bg7
2019.11.01	0-1	1659	1662	Queen's Pawn Game: Symmetrical Variation	1. d4 d5 2. Nf3 Nf6 3. c4 e5 4. Nxe5 Ne4
2019.11.01	1-0	1588	1588	Scandinavian Defense: Modern Variation #2	1. e4 d5 2. exd5 Nf6 3. Nc3 Nxd5 4. Nxd5 Qxd5
2019.11.01	1-0	1636	1626	Sicilian Defense: Nyezhmetdinov-Rossolimo Attack	1. e4 c5 2. Nf3 Nc6 3. Bb5 Nf6 4. Bxc6 bxc6
2019.11.01	1-0	1513	1507	Queen's Pawn Game: Mason Attack	1. d4 d5 2. Bf4 Nf6 3. e3 c6 4. c4 dxc4
2019.11.01	0-1	1674	1680	Zukertort Opening: Pirc Invitation	1. Nf3 d6 2. d4 e6 3. c4 c6 4. Nc3 Nd7
2019.11.01	1-0	1585	1580	Sicilian Defense: Delayed Alapin	1. e4 c5 2. Nf3 d6 3. c3 e6 4. Be2 Be7
2019.11.01	1-0	1588	1610	Dutch Defense: Queen's Knight Variation	1. d4 f5 2. c4 Nf6 3. Nc3 Nc6 4. e3 e5
2019.11.01	0-1	1483	1409	King's Indian Defense: Normal Variation, Rare Defenses	1. d4 g6 2. c4 Nf6 3. Nc3 Bg7 4. e4 d6
2019.11.01	1-0	1300	1362	King's Pawn	1. e4
2019.11.01	0-1	1638	1644	King's Gambit	1. e4 e5 2. f4 f6 3. Nf3 Nc6 4. fxe5 fxe5
2019.11.01	1-0	1557	1538	Ruy Lopez: Morphy Defense, Anderssen Variation	1. e4 e5 2. Nf3 Nc6 3. Bb5 a6 4. Ba4 Nf6
2019.11.01	1-0	974	1127	Caro-Kann Defense: Advance Variation	1. e4 d5 2. e5 c6 3. d4 Nd7 4. Nf3 c5
2019.11.01	0-1	1606	1551	Sicilian Defense: French Variation	1. e4 c5 2. Nf3 e6 3. d3 b6 4. c4 Bb7
2019.11.01	1-0	2399	2276	Polish Opening: Bugayev Attack	1. a3 e5 2. b4 d5 3. Bb2 a6 4. Bxe5 Nc6
2019.11.01	0-1	1729	1758	Bird Opening	1. f4 Nc6 2. Nf3 f5 3. e3 Nf6 4. d4 e6
2019.11.01	0-1	1379	1433	Van't Kruijs Opening	1. e3 e5 2. a3 d5 3. b4 Nf6 4. Nf3 e4
2019.11.01	0-1	1131	1140	Blackmar-Diemer Gambit #2	1. e4 d5 2. Nc3 Nf6 3. d4 Bg4 4. f3 Bh5
2019.11.01	1-0	1293	1284	Van't Kruijs Opening	1. e3 c5 2. Nc3 e6 3. Bc4 Qg5 4. Bf1 Nc6
2019.11.01	1-0	1473	1514	Nimzowitsch Defense: Kennedy Variation, Linksspringer Variation	1. e4 e5 2. d4 Nc6 3. d5 Bb4+ 4. c3 Nd4
2019.11.01	0-1	1452	1454	King's Pawn Game: Napoleon Attack	1. e4 e5 2. Qf3 Nc6 3. Bc4 f6 4. d3 Nd4
2019.11.01	0-1	1057	1116	King's Knight Opening	1. e4 e5 2. Nf3 Nh6 3. Bc4 f5 4. Nxe5 Bc5
2019.11.01	0-1	1364	1343	Nimzowitsch Defense: Kennedy Variation, Linksspringer Variation	1. e4 e5 2. d4 Nc6 3. d5 Nd4 4. Nf3 Nxf3+
2019.11.01	1-0	2556	1685	King's Indian Defense: Normal Variation	1. d4 Nf6 2. c4 g6 3. Nc3 Bg7 4. e4 O-O
2019.11.01	1-0	2176	2268	Center Game: Paulsen Attack Variation	1. e4 e5 2. d4 exd4 3. Qxd4 Nc6 4. Qe3 d6
2019.11.01	1-0	1165	1196	Tarrasch Defense: Symmetrical Variation	1. Nf3 d5 2. c4 e6 3. d4 c5 4. Nc3 Nf6
2019.11.01	0-1	1729	1793	Alekhine Defense: Normal Variation	1. e4 Nf6 2. e5 Nd5 3. Bc4 Nb6 4. Bb3 d6
2019.11.01	1-0	1064	1088	Vienna Game: Anderssen Defense	1. e4 e5 2. Nc3 Bc5 3. Nf3 g5 4. d4 exd4
2019.11.01	0-1	1617	1521	Russian Game: Classical Attack	1. e4 e5 2. Nf3 Nf6 3. Nxe5 d6 4. Nf3 Nxe4
2019.11.01	1-0	2256	2252	Sicilian Defense: Sozin Attack, Main Line	1. e4 c5 2. Nf3 d6 3. d4 cxd4 4. Nxd4 Nf6
2019.11.01	0-1	1899	2049	Slav Defense #2	1. d4 d5 2. c4 c6 3. Nc3 g6 4. Nf3 Bg7
2019.11.01	1-0	1035	833	Scandinavian Defense	1. e4 d5 2. exd5 Qd6 3. Nf3 Qxd5 4. Nc3 Qe6+
2019.11.01	1-0	1320	1346	Russian Game: Nimzowitsch Attack	1. e4 e5 2. Nf3 Nf6 3. Nxe5 d6 4. Nf3 Nxe4
2019.11.01	1-0	1142	1130	Queen's Pawn Game: Mason Attack	1. d4 d5 2. Bf4 e6 3. e3 c5 4. Nf3 c4
2019.11.01	0-1	1499	1593	Sicilian Defense: Loewenthal Variation	1. e4 c5 2. Nf3 Nc6 3. d4 cxd4 4. Nxd4 e5
2019.11.01	0-1	1369	1474	French Defense: Knight Variation	1. e4 e6 2. Nf3 d5 3. exd5 exd5 4. d4 Nf6
2019.11.01	1-0	1672	1682	Queen's Pawn Game: Zukertort Variation	1. d4 d5 2. Nf3 Bf5 3. Nc3 f6 4. Bf4 a6
2019.11.01	1-0	1232	1254	Italian Game	1. e4 e5 2. Nf3 Nc6 3. Bc4 a6 4. d4 Nf6
2019.11.01	1-0	2295	2255	Kadas Opening	1. h4 d5 2. h5 Nf6 3. h6 gxh6 4. d3 h5
2019.11.01	1-0	2013	1973	Queen's Pawn	1. d4 c6 2. Nf3 d5 3. Bg5 Bg4 4. Bh4 h6
2019.11.01	0-1	1791	1721	King's Pawn Game: Beyer Gambit	1. e4 e5 2. d4 d5 3. exd5 e4 4. g3 Bf5
2019.11.01	1-0	1995	1666	Sicilian Defense: Smith-Morra Gambit Declined, Alapin Formation	1. e4 c5 2. d4 cxd4 3. c3 Nf6 4. Bd3 g6
2019.11.01	0-1	1818	1869	French Defense: Classical Variation, Steinitz Variation	1. e4 e6 2. d4 d5 3. Nc3 Nf6 4. e5 Nfd7
2019.11.01	0-1	2015	1933	Pirc Defense #4	1. e4 d6 2. Nc3 e6 3. Nf3 Nd7 4. d4 Ne7
2019.11.01	1-0	1789	1593	Zukertort Opening: Lisitsyn Gambit	1. Nf3 f5 2. e4 Nf6 3. e5 e6 4. exf6 Qxf6
2019.11.01	0-1	2071	2105	King's Gambit Accepted, Double Muzio Gambit	1. e4 e5 2. f4 exf4 3. Nf3 g5 4. Bc4 g4
2019.11.01	1-0	1650	1696	Sicilian Defense: Dragon Variation, Yugoslav Attack, Early Deviations	1. e4 c5 2. Nf3 d6 3. d4 cxd4 4. Nxd4 Nf6
2019.11.01	0-1	1603	1620	Sicilian Defense: Kan Variation, Wing Attack	1. e4 c5 2. Nf3 e6 3. d4 cxd4 4. Nxd4 a6
2019.11.01	0-1	1335	1367	Hungarian Opening	1. g3 e5 2. Bg2 Nc6 3. Nf3 b6 4. d3 Bb7
2019.11.01	1-0	1378	1405	Italian Game: Anti-Fried Liver Defense	1. e4 e5 2. Nf3 Nc6 3. Bc4 h6 4. Nc3 Nf6
2019.11.01	1-0	2049	1785	Indian Game: Budapest Defense	1. d4 Nf6 2. c4 e5 3. d5 Bc5 4. Nc3 d6
2019.11.01	0-1	1238	1245	Three Knights Opening #2	1. e4 e5 2. Nf3 Nc6 3. Nc3 Bb4 4. Bb5 d6
2019.11.01	0-1	1138	1234	Queen's Pawn Game: Mason Attack	1. d4 d5 2. Bf4 Nc6 3. Nf3 e6 4. e3 Bd6
2019.11.01	0-1	1249	1320	French Defense: Knight Variation	1. e4 e6 2. Nf3 d6 3. Be2 Be7 4. O-O Bd7
2019.11.01	0-1	2228	2215	King's Indian Defense: Fianchetto Variation, Panno Variation	1. Nf3 Nf6 2. g3 g6 3. Bg2 Bg7 4. d4 O-O
2019.11.01	0-1	1705	1731	Sicilian Defense: French Variation	1. e4 c5 2. Nf3 e6 3. d4 Nf6 4. dxc5 Bxc5
2019.11.01	1-0	1543	1594	Sicilian Defense	1. e4 c5 2. d3 d6 3. f4 e5 4. fxe5 dxe5
2019.11.01	0-1	1637	1644	Scandinavian Defense: Main Line	1. e4 d5 2. exd5 Qxd5 3. Nc3 Qa5 4. Bc4 Nf6
2019.11.01	1-0	1079	878	Bishop's Opening	1. e4 e5 2. Bc4 Bb4 3. Qf3 Qf6 4. Qh5 Nh6
2019.11.01	0-1	1802	1800	Modern Defense	1. d4 g6 2. Nf3 Bg7 3. e4 Nf6 4. Bd3 d6
2019.11.01	1-0	1598	1596	Philidor Defense #4	1. e4 e5 2. Nf3 d6 3. Bc4 Be7 4. Nc3 Nf6
2019.11.01	0-1	1457	1497	Scandinavian Defense	1. e4 d5 2. e5 c5 3. Nf3 Bg4 4. Be2 Nc6
2019.11.01	1-0	1233	1316	Scotch Game: Scotch Gambit, Advance Variation	1. e4 e5 2. Bc4 Nc6 3. d4 exd4 4. Nf3 Nf6
2019.11.01	1-0	2125	2151	Van't Kruijs Opening	1. e3 b6 2. Qf3 Bb7 3. Qxb7 Nc6 4. Bb5 Nf6
2019.11.01	0-1	1955	1975	Scandinavian Defense: Main Line, Mieses Variation	1. e4 d5 2. exd5 Qxd5 3. Nc3 Qa5 4. d4 Nf6
2019.11.01	0-1	1653	1545	Sicilian Defense: French Variation	1. e4 c5 2. Nf3 e6 3. Bc4 Nc6 4. Nc3 Nf6
2019.11.01	1-0	2013	1997	Trompowsky Attack: Classical Defense	1. d4 Nf6 2. Bg5 e6 3. e3 Be7 4. Nd2 d5
2019.11.01	0-1	1452	1482	Scandinavian Defense: Mieses-Kotroc Variation	1. e4 d5 2. exd5 Qxd5 3. Nc3 Qd8 4. Qe2 Nc6
2019.11.01	0-1	1865	1909	Bird Opening	1. f4 c5 2. Nf3 e6 3. g3 Nc6 4. d3 Nf6
2019.11.01	0-1	1165	1135	English Opening: Great Snake Variation	1. c4 g6 2. d3 Bg7 3. e3 Nf6 4. Nc3 d6
2019.11.01	1-0	1013	1134	Hungarian Opening	1. g3 d5 2. Bg2 e5 3. c4 dxc4 4. Qa4+ Bd7
2019.11.01	1/2-1/2	1437	1378	Modern Defense	1. d4 g6 2. e3 Bg7 3. Ne2 Nf6 4. Nd2 d6
2019.11.01	0-1	1761	1677	Caro-Kann Defense	1. e4 c6 2. Nc3 d5 3. exd5 cxd5 4. d4 e6
2019.11.01	1-0	1329	1320	Queen's Indian Defense: Fianchetto Traditional	1. d4 Nf6 2. c4 e6 3. Nf3 b6 4. g3 Bb7
2019.11.01	1-0	2238	1959	Hungarian Opening: Symmetrical Variation	1. g3 g6 2. Bg2 Bg7 3. d3 e6 4. f4 d5
2019.11.01	1/2-1/2	2245	2218	Queen's Indian Defense	1. Nf3 Nf6 2. d4 b6 3. c4 Bb7 4. Nc3 g6
2019.11.01	0-1	2274	2368	Hungarian Opening: Indian Defense	1. g3 Nf6 2. Bg2 d5 3. e4 Bg4 4. f3 Be6
2019.11.01	0-1	1243	1312	Mikenas Defense	1. d4 Nc6 2. c4 e6 3. Nc3 Nf6 4. Nf3 Be7
2019.11.01	0-1	1675	1697	Barnes Defense	1. e4 f6 2. d4 e5 3. Nf3 Nc6 4. d5 Nce7
2019.11.01	0-1	1744	1785	Hungarian Opening: Symmetrical Variation	1. g3 g6 2. Bg2 Bg7 3. Nf3 Nf6 4. O-O c6
2019.11.01	0-1	1234	1234	King's Gambit	1. e4 e5 2. f4 d6 3. Bc4 Nf6 4. Nc3 c6
2019.11.01	1-0	1645	1651	Indian Game: Budapest Defense	1. d4 Nf6 2. c4 e5 3. e3 exd4 4. exd4 Bb4+
2019.11.01	0-1	2025	2184	French Defense: Rubinstein Variation, Kasparov Attack	1. e4 d5 2. Nc3 dxe4 3. Nxe4 Nd7 4. Nf3 Ngf6
2019.11.01	0-1	1243	1249	Owen Defense	1. e4 b6 2. d4 Bb7 3. Nc3 g6 4. Nf3 Bg7
2019.11.01	1-0	1159	1160	King's Pawn Game: King's Head Opening #2	1. e4 e5 2. f3 d6 3. Nc3 Nc6 4. d3 Nd4
2019.11.01	1-0	1997	1936	Sicilian Defense: Najdorf, Lipnitsky Attack	1. e4 c5 2. Nf3 d6 3. d4 cxd4 4. Nxd4 Nf6
2019.11.01	0-1	1903	1845	Scotch Game: Scotch Gambit, Advance Variation	1. e4 e5 2. Nf3 Nc6 3. Bc4 Nf6 4. d4 exd4
2019.11.01	1-0	1647	1796	Modern Defense	1. d4 g6 2. Bf4 d6 3. e4 Nf6 4. Nc3 Bg7
2019.11.01	0-1	1177	1195	Italian Game: Two Knights Defense	1. e4 e5 2. Nf3 Nc6 3. Bc4 Nf6 4. Qe2 Bc5
2019.11.01	1-0	1354	1369	French Defense: Normal Variation	1. e4 e6 2. d4 g6 3. e5 d5 4. f4 Nc6
2019.11.01	0-1	1308	1291	Indian Game	1. d4 Nf6 2. Nc3 g6 3. Nf3 Bg7 4. Bg5 O-O
2019.11.01	1-0	1563	1544	French Defense: Advance Variation, Euwe Variation	1. e4 e6 2. Nf3 d5 3. e5 c5 4. c3 Nc6
2019.11.01	0-1	1739	1810	French Defense: Knight Variation	1. e4 e6 2. Nf3 d5 3. exd5 exd5 4. d4 Nf6
2019.11.01	1-0	2042	2028	English Opening: Symmetrical Variation, Normal Variation	1. c4 c5 2. Nc3 d6 3. e4 Nc6 4. Nf3 e6
2019.11.01	1-0	1659	1622	Modern Defense	1. d4 g6 2. e3 Bg7 3. c4 b6 4. Nf3 Bb7
2019.11.01	1-0	1966	2012	Scandinavian Defense	1. e4 d5 2. e5 d4 3. d3 c6 4. Bf4 g6
2019.11.01	1-0	1377	1278	French Defense: Advance Variation, Nimzowitsch System	1. e4 d5 2. e5 e6 3. d4 c5 4. Nf3 cxd4
2019.11.01	1-0	1246	1160	Sicilian Defense: Open	1. e4 c5 2. Nf3 Nc6 3. d4 Nxd4 4. Nxd4 cxd4
2019.11.01	0-1	1007	992	Sicilian Defense	1. e4 c5 2. Nf3 d6 3. Bc4 Nf6 4. d3 e6
2019.11.01	0-1	1649	1664	Grünfeld Defense: Exchange Variation, Modern Exchange Variation	1. d4 Nf6 2. c4 g6 3. Nc3 d5 4. Nf3 Bg7
2019.11.01	0-1	1850	2028	Sicilian Defense: Four Knights Variation	1. e4 c5 2. Nf3 e6 3. d4 cxd4 4. Nxd4 Nf6
2019.11.01	1-0	2129	2058	Benko Gambit: Zaitsev Variation, Nescafe Frappe Attack	1. d4 Nf6 2. c4 c5 3. d5 b5 4. cxb5 a6
2019.11.01	1-0	1518	1532	King's Knight Opening	1. e4 e5 2. Nf3 Bd6 3. Bc4 c6 4. d3 b5
2019.11.01	1-0	1730	1689	King's Indian Attack: French Variation	1. Nf3 d5 2. g3 c5 3. Bg2 Nc6 4. O-O Nf6
2019.11.01	1/2-1/2	1490	1484	English Opening	1. c4 b6 2. Nc3 Bb7 3. Nf3 d5 4. cxd5 Nf6
2019.11.01	0-1	1981	2221	Scandinavian Defense: Modern Variation #2	1. e4 d5 2. exd5 Nf6 3. Bb5+ Bd7 4. Bc4 Bg4
2019.11.01	1-0	1467	1463	Queen's Gambit Refused: Chigorin Defense	1. d4 d5 2. c4 Nc6 3. Nf3 dxc4 4. e3 e5
2019.11.01	1-0	1328	1216	Queen's Pawn Game #2	1. d4 d5 2. e3 c5 3. Nf3 Nf6 4. Bb5+ Bd7
2019.11.01	0-1	1570	1697	King's Gambit Accepted, Blachly Gambit	1. e4 e5 2. Bc4 Nc6 3. f4 exf4 4. Nf3 g5
2019.11.01	1-0	1144	1145	Philidor Defense #3	1. e4 e5 2. Nf3 d6 3. Bc4 Nc6 4. Kf1 Nf6
2019.11.01	1-0	1455	1462	Queen's Gambit Declined: Tarrasch Defense, Pseudo-Tarrasch	1. d4 e6 2. c4 d5 3. Nf3 c5 4. cxd5 exd5
2019.11.01	0-1	1936	1972	Sicilian Defense: Modern Variations, Main Line	1. e4 c5 2. Nf3 d6 3. d4 cxd4 4. Nxd4 Nf6
2019.11.01	1-0	1632	1646	Queen's Gambit Refused: Marshall Defense	1. d4 d5 2. c4 Nf6 3. Nc3 Bg4 4. Nf3 e6
2019.11.01	1-0	1487	1442	Scotch Game	1. e4 e5 2. Nf3 Nc6 3. d4 exd4 4. Nxd4 d6
2019.11.01	1-0	1893	1895	English Opening: King's English Variation, Two Knights Variation	1. c4 e5 2. Nc3 Nf6 3. d3 Bc5 4. Bd2 Nc6
2019.11.01	0-1	2047	2035	Old Indian Defense: Ukrainian Variation	1. d4 d6 2. c4 Nf6 3. Nc3 e5 4. dxe5 dxe5
2019.11.01	1-0	1176	1206	Scandinavian Defense	1. e4 d5 2. d3 dxe4 3. dxe4 Qxd1+ 4. Kxd1 Nc6
2019.11.01	1-0	1330	1494	Ruy Lopez: Cozio Defense	1. e4 e5 2. Nf3 Nc6 3. Bb5 Nge7 4. O-O a6
2019.11.01	1-0	2072	2040	Alekhine Defense: Scandinavian Variation	1. e4 Nf6 2. Nc3 d5 3. e5 Ne4 4. Nf3 Bf5
2019.11.01	1-0	1483	1324	King's Pawn Game: Leonardis Variation	1. e4 e5 2. d3 Qf6 3. Be2 Bc5 4. Nf3 d6
2019.11.01	0-1	1809	1798	Sicilian Defense: French Variation	1. e4 c5 2. Nf3 e6 3. Bc4 Nc6 4. d4 cxd4
2019.11.01	1-0	1999	1983	Modern Defense	1. d4 g6 2. c4 Bg7 3. Nf3 c6 4. g3 d5
2019.11.01	1-0	2250	2081	Torre Attack	1. d4 Nf6 2. Nf3 g6 3. Bg5 Bg7 4. e3 O-O
2019.11.01	1-0	1405	1384	Italian Game: Anti-Fried Liver Defense	1. e4 e5 2. Nf3 Nc6 3. Bc4 h6 4. Nc3 Nf6
2019.11.01	1-0	1128	1195	Queen's Pawn Game: Veresov Attack, Alburt Defense	1. d4 d5 2. Nc3 Bf5 3. Bf4 a6 4. f3 Nc6
2019.11.01	1-0	2022	2121	Sicilian Defense: Paulsen Variation, Szén Variation	1. e4 c5 2. Nf3 Nc6 3. d4 cxd4 4. Nxd4 e6
2019.11.01	1/2-1/2	1582	1544	Ruy Lopez: Classical Variation	1. e4 e5 2. Nf3 Nc6 3. Bb5 Bc5 4. d3 d6
2019.11.01	1-0	1936	1905	Sicilian Defense: Closed Variation	1. e4 c5 2. Nc3 d6 3. f4 e6 4. Nf3 Nc6
2019.11.01	1-0	1645	1588	Scotch Game	1. e4 e5 2. Nf3 Nc6 3. d4 exd4 4. Nxd4 Nxd4
2019.11.01	1-0	1703	1722	Scotch Game	1. e4 e5 2. d4 exd4 3. Nf3 Nc6 4. Nxd4 Nxd4
2019.11.01	0-1	1764	1760	Queen's Gambit Accepted	1. d4 d5 2. c4 dxc4 3. Nc3 c5 4. d5 Nf6
2019.11.01	1-0	1854	1690	Hungarian Opening: Sicilian Invitation	1. g3 c5 2. Bg2 Nc6 3. d3 d6 4. e4 Nf6
2019.11.01	0-1	2202	2171	English Opening: Symmetrical Variation	1. c4 c5 2. g3 e6 3. Bg2 a6 4. Nf3 Qc7
2019.11.01	1/2-1/2	1568	1556	Hungarian Opening	1. g3 d5 2. Bg2 e5 3. d3 c6 4. Nc3 Be6
2019.11.01	0-1	1423	1550	Vienna Game	1. e4 e5 2. Nc3 Qf6 3. Nf3 Bc5 4. d3 d6
2019.11.01	0-1	1616	1764	Sicilian Defense: Open	1. e4 c5 2. Nf3 Nc6 3. d4 cxd4 4. Nxd4 Nf6
2019.11.01	0-1	1988	2157	French Defense: Knight Variation	1. e4 e6 2. Nf3 d5 3. exd5 exd5 4. d4 Nf6
2019.11.01	0-1	2296	2345	Sicilian Defense: Modern Variations, Tartakower	1. e4 c5 2. Nf3 d6 3. d4 cxd4 4. c3 Nf6
2019.11.01	1-0	1179	1222	King's Pawn Game: McConnell Defense	1. e4 e5 2. Nf3 Qf6 3. d4 Nc6 4. dxe5 Nxe5
2019.11.01	1/2-1/2	1839	1884	Queen's Pawn Game: Mason Attack	1. d4 d5 2. Bf4 Bf5 3. Nf3 e6 4. e3 Nf6
2019.11.01	0-1	1775	1834	Queen's Gambit Refused: Marshall Defense	1. d4 d5 2. c4 Nf6 3. cxd5 Nxd5 4. e4 Nb6
2019.11.01	1-0	1879	1850	Modern Defense	1. e4 g6 2. Bc4 Bg7 3. Qf3 d6 4. Qxf7+ Kd7
2019.11.01	1-0	1593	1767	Sicilian Defense: Old Sicilian	1. e4 c5 2. Nf3 Nc6 3. c3 g6 4. Be2 Bg7
2019.11.01	1-0	1719	1770	Sicilian Defense: Old Sicilian	1. e4 c5 2. Nf3 Nc6 3. d3 d6 4. Be2 g6
2019.11.01	1/2-1/2	1514	1569	Ruy Lopez: Classical Variation	1. e4 e5 2. Nf3 Nc6 3. Bb5 Bc5 4. Bxc6 dxc6
2019.11.01	0-1	1779	1752	Grünfeld Defense	1. d4 Nf6 2. c4 g6 3. Nc3 d5 4. e4 dxe4
2019.11.01	0-1	1365	1381	Van't Kruijs Opening	1. e3 d5 2. d3 c5 3. Bd2 Nc6 4. Be2 Nf6
2019.11.01	0-1	1066	1138	Blackmar-Diemer Gambit: Netherlands Variation	1. e4 d5 2. Nc3 dxe4 3. d4 f5 4. Bf4 Nc6
2019.11.01	0-1	1841	1831	Englund Gambit Complex Declined	1. d4 e5 2. d5 f5 3. Nc3 Nf6 4. Bg5 h6
2019.11.01	1-0	1426	1475	Pirc Defense: Classical Variation	1. e4 d6 2. d4 g6 3. Nc3 Bg7 4. Nf3 Nf6
2019.11.01	0-1	1764	1823	Sicilian Defense: Classical Variation	1. e4 c5 2. Nf3 Nc6 3. d4 cxd4 4. Nxd4 Nf6
2019.11.01	1-0	2127	2068	King's Indian Defense: Smyslov Variation	1. d4 Nf6 2. c4 g6 3. Nc3 Bg7 4. Nf3 d6
2019.11.01	0-1	1142	1325	Queen's Gambit Accepted	1. d4 d5 2. c4 dxc4 3. Nc3 e6 4. Nf3 Bb4
2019.11.01	1-0	1716	1515	Sicilian Defense: Old Sicilian	1. e4 c5 2. Nf3 Nc6 3. Nc3 d6 4. Bb5 Bd7
2019.11.01	1-0	1870	1874	Réti Opening	1. Nf3 d5 2. c4 c6 3. g3 Nf6 4. Qc2 g6
2019.11.01	0-1	1912	1846	English Opening: Anglo-Scandinavian Defense	1. c4 d5 2. cxd5 Qxd5 3. Nc3 Qd8 4. g3 c6
2019.11.01	0-1	1275	1318	French Defense: Exchange Variation	1. e4 e6 2. d4 d5 3. exd5 exd5 4. Nf3 g6
2019.11.01	1-0	1441	1346	Giuoco Piano	1. e4 e5 2. Nf3 Nc6 3. Bc4 Bc5 4. O-O Nf6
2019.11.01	0-1	1855	2150	Sicilian Defense: Classical Variation, Anti-Sozin Variation	1. e4 c5 2. Nf3 d6 3. d4 cxd4 4. Nxd4 Nf6
2019.11.01	0-1	1021	1076	Indian Game	1. d4 Nf6 2. c3 g6 3. f4 Bg7 4. e3 d5
2019.11.01	0-1	1216	1264	Caro-Kann Defense: Advance Variation, Short Variation	1. e4 c6 2. d4 d5 3. e5 Bf5 4. Nf3 e6
2019.11.01	0-1	971	684	Alekhine Defense	1. e4 Nf6 2. Nc3 g6 3. Nf3 Bg7 4. Bc4 O-O
2019.11.01	1-0	1327	1341	English Opening: Anglo-Scandinavian Defense	1. c4 d5 2. cxd5 Qxd5 3. Nc3 Qd8 4. g3 Nf6
2019.11.01	0-1	1855	1867	Sicilian Defense: Loewenthal Variation	1. e4 c5 2. Nf3 Nc6 3. d4 cxd4 4. Nxd4 e5
2019.11.01	0-1	1902	1929	Nimzo-Larsen Attack: Modern Variation #2	1. b3 e5 2. Bb2 Bc5 3. g3 Qf6 4. e3 Nc6
2019.11.01	1-0	1998	1984	Hungarian Opening: Catalan Formation	1. g3 e6 2. Bg2 d5 3. e3 Nf6 4. Ne2 Be7
2019.11.01	1-0	1545	1518	Van't Kruijs Opening	1. e3 d5 2. f3 e5 3. d3 c6 4. c3 f6
2019.11.01	1-0	2479	2414	Sicilian Defense	1. e4 c5 2. d3 e6 3. Nd2 d5 4. Ngf3 d4
2019.11.01	1-0	1783	1769	Italian Game: Classical Variation, Albin Gambit	1. e4 e5 2. Nf3 Nc6 3. Bc4 Bc5 4. O-O Nf6
2019.11.01	1-0	1583	1641	Nimzo-Larsen Attack: Modern Variation #3	1. b3 e5 2. Bb2 Nc6 3. h4 d6 4. g3 Nf6
2019.11.01	1-0	1159	966	Modern Defense	1. e4 g6 2. Nf3 Bg7 3. d4 f6 4. c4 g5
2019.11.01	1-0	2140	2221	Grünfeld Defense	1. d4 Nf6 2. c4 g6 3. Nc3 d5 4. c5 Bg7
2019.11.01	1/2-1/2	1667	1677	Rat Defense: Harmonist	1. e4 d6 2. f4 Nc6 3. Nc3 e5 4. Bb5 Ne7
2019.11.01	0-1	1305	1309	Sicilian Defense: Grand Prix Attack	1. e4 c5 2. Nc3 Nc6 3. f4 d6 4. Nf3 Bg4
2019.11.01	1/2-1/2	1409	1379	Van't Kruijs Opening	1. e3 Nf6 2. d4 Ne4 3. Bd3 d5 4. Bxe4 dxe4
2019.11.01	0-1	2276	2173	Caro-Kann Defense: Two Knights Attack	1. e4 c6 2. Nc3 d5 3. Nf3 Nf6 4. e5 Ne4
2019.11.01	0-1	1485	2008	Queen's Pawn Game: Mason Attack	1. d4 d5 2. Bf4 e6 3. e3 Bd6 4. Bg3 Nf6
2019.11.01	0-1	1495	1692	English Opening: Anglo-Indian Defense, Queen's Knight Variation	1. c4 Nf6 2. Nc3 g6 3. g3 Bg7 4. Bg2 O-O
2019.11.01	1-0	1651	1650	Scotch Game: Classical Variation	1. e4 e5 2. Nf3 Nc6 3. d4 exd4 4. Nxd4 Bc5
2019.11.01	1-0	1517	1440	Grob Opening	1. g4 d5 2. g5 e5 3. d3 Nc6 4. Bg2 Be6
2019.11.01	1/2-1/2	1713	1875	English Opening	1. c4 b6 2. Nc3 Bb7 3. e3 e6 4. d4 d6
2019.11.01	0-1	1412	1430	Scandinavian Defense: Blackburne-Kloosterboer Gambit	1. e4 d5 2. exd5 c6 3. Nc3 cxd5 4. d4 Bf5
2019.11.01	1-0	1151	1115	Van't Kruijs Opening	1. e3 e5 2. d3 Nc6 3. d4 e4 4. f3 exf3
2019.11.01	1-0	1215	1196	Alekhine Defense: Maróczy Variation	1. e4 Nf6 2. d3 e5 3. Nf3 Bb4+ 4. c3 Bc5
2019.11.01	1-0	1588	1612	Modern Defense	1. d4 g6 2. e3 b6 3. Nf3 Bb7 4. Nbd2 Bg7
2019.11.01	0-1	1694	1674	Sicilian Defense: Hyperaccelerated Dragon	1. e4 c5 2. Nf3 g6 3. c3 d5 4. e5 Nc6
2019.11.01	1-0	2141	1653	Slav Defense: Schlechter Variation	1. d4 Nf6 2. Nf3 g6 3. c4 d5 4. Nc3 c6
2019.11.01	0-1	1298	1293	King's Gambit, Falkbeer Countergambit, Blackburne Attack	1. e4 e5 2. f4 d5 3. Nf3 dxe4 4. Nxe5 Nf6
2019.11.01	1-0	1585	1590	Grob Opening	1. g4 e5 2. Bg2 d5 3. e3 Nf6 4. g5 Ng4
2019.11.01	1-0	2240	2131	English Opening: Caro-Kann Defensive System	1. c4 c6 2. g3 d5 3. Bg2 Nf6 4. d4 e6
2019.11.01	1-0	1747	1748	Horwitz Defense	1. d4 e6 2. c3 d6 3. Nf3 c6 4. Bg5 Bd7
2019.11.01	0-1	1290	1290	King's Pawn Game: Wayward Queen Attack	1. e4 e5 2. Qh5 Nc6 3. Bc4 Qe7 4. Nc3 Nf6
2019.11.01	1-0	1635	1726	St. George Defense	1. e4 a6 2. d4 b5 3. c4 Bb7 4. d5 Nf6
2019.11.01	1-0	1535	1504	Nimzowitsch Defense: Williams Variation	1. e4 Nc6 2. Nf3 d6 3. Bb5 Bd7 4. Nc3 a6
2019.11.01	0-1	1736	1733	Vienna Game: Stanley Variation, Three Knights Variation	1. e4 e5 2. Nc3 Nc6 3. Bc4 Nf6 4. f4 exf4
2019.11.01	0-1	1336	1342	French Defense: Advance Variation, Nimzowitsch Attack	1. e4 e6 2. d4 d5 3. e5 c5 4. Qg4 Nc6
2019.11.01	1-0	1896	1932	English Opening: Symmetrical Variation	1. c4 c5 2. g3 Nc6 3. Bg2 e6 4. e4 Nf6
2019.11.01	0-1	1594	1539	French Defense: Two Knights Variation	1. Nf3 e6 2. Nc3 d5 3. e4 Nf6 4. e5 Nfd7
2019.11.01	1-0	1853	1853	Four Knights Game: Italian Variation	1. e4 e5 2. Nf3 Nc6 3. Bc4 Nf6 4. Nc3 Bb4
2019.11.01	1-0	1955	1924	Sicilian Defense: McDonnell Attack	1. e4 c5 2. f4 Nc6 3. Nf3 g6 4. d3 Bg7
2019.11.01	1-0	1109	1155	Queen's Pawn Game: Torre Attack	1. d4 d5 2. Nf3 Nf6 3. Bg5 c6 4. e3 g6
2019.11.01	0-1	1608	1617	Hungarian Opening: Slav Formation	1. g3 c6 2. Bg2 d5 3. b3 Bf5 4. Bb2 Nd7
2019.11.01	0-1	2004	1953	Van't Kruijs Opening	1. e3 b6 2. d4 Bb7 3. f4 d6 4. Nf3 Nd7
2019.11.01	0-1	1351	1477	Van't Kruijs Opening	1. e3 g6 2. d4 Bg7 3. Nf3 e6 4. g3 Ne7
2019.11.01	1/2-1/2	1775	1840	Caro-Kann Defense: Two Knights Attack	1. e4 c6 2. Nf3 d5 3. Nc3 d4 4. Ne2 c5
2019.11.01	0-1	2068	2213	Sicilian Defense: Smith-Morra Gambit Declined, Push Variation	1. d4 c5 2. e4 cxd4 3. c3 d3 4. Nf3 Nc6
2019.11.01	0-1	1702	1747	Nimzo-Larsen Attack: Indian Variation	1. b3 Nf6 2. Bb2 d5 3. Nf3 c5 4. d3 d4
2019.11.01	0-1	1637	1645	Sicilian Defense: Bowdler Attack	1. e4 c5 2. Bc4 e6 3. Nh3 d6 4. d3 h6
2019.11.01	1/2-1/2	1439	1443	Italian Game: Anti-Fried Liver Defense	1. e4 e5 2. Nf3 Nc6 3. Bc4 h6 4. d4 f6
2019.11.01	1-0	1369	1411	Queen's Pawn Game: Chigorin Variation	1. Nf3 d5 2. d4 Nc6 3. g3 Bg4 4. e3 e5
2019.11.01	1-0	2239	1774	Scandinavian Defense	1. e4 d5 2. exd5 e6 3. Nc3 exd5 4. d4 c6
2019.11.01	1/2-1/2	1971	1904	Sicilian Defense: O'Kelly Variation, Normal System	1. e4 c5 2. Nf3 a6 3. d4 cxd4 4. Nxd4 Nc6
2019.11.01	0-1	1151	1143	King's Knight Opening: Normal Variation	1. e4 e5 2. Nf3 Nc6 3. d3 Nf6 4. Bg5 Be7
2019.11.01	0-1	1808	1633	English Opening: Anglo-Indian Defense, King's Indian Formation	1. c4 Nf6 2. Nf3 g6 3. Nc3 Bg7 4. d4 O-O
2019.11.01	0-1	1167	1175	Old Benoni Defense	1. d4 c5 2. e3 cxd4 3. Qxd4 Qa5+ 4. Bd2 Qc7
2019.11.01	0-1	1093	1143	Sicilian Defense: Jalalabad Variation	1. e4 c5 2. Nf3 e5 3. Nc3 d6 4. Qe2 Be6
2019.11.01	1-0	1351	1379	Giuoco Piano	1. e4 e5 2. Nf3 Nc6 3. Bc4 Bc5 4. Nc3 d6
2019.11.01	1-0	1338	1297	Queen's Pawn Game: London System	1. d4 d5 2. Nf3 Nf6 3. Bf4 Bf5 4. e3 e6
2019.11.01	0-1	800	902	Queen's Pawn Game	1. d4 d5 2. h3 Nc6 3. e3 Nf6 4. g4 Nb4
2019.11.01	0-1	1396	1397	Caro-Kann Defense	1. e4 c6 2. c3 d5 3. f3 dxe4 4. fxe4 e5
2019.11.01	0-1	1519	1531	Ruy Lopez: Spanish Countergambit	1. e4 e5 2. Nf3 Nc6 3. Bb5 d5 4. Bxc6+ bxc6
2019.11.01	0-1	1270	1529	Benoni Defense: Benoni Gambit Accepted	1. d4 c5 2. dxc5 Nc6 3. Be3 e6 4. g3 Nf6
2019.11.01	0-1	1442	1421	French Defense: King's Indian Attack	1. e4 e6 2. d3 f6 3. Nf3 g6 4. Nc3 Nh6
2019.11.01	1-0	1520	1543	Caro-Kann Defense	1. e4 c6 2. Nf3 d5 3. exd5 cxd5 4. d4 Nc6
2019.11.01	1-0	1223	1222	Center Game #2	1. e4 e5 2. d4 Nf6 3. Bg5 h6 4. Bxf6 Qxf6
2019.11.01	1-0	1121	974	Sicilian Defense: Bowdler Attack	1. e4 c5 2. Bc4 Nc6 3. Qf3 Ne5 4. Qc3 Nxc4
2019.11.01	1-0	1712	1715	Zukertort Opening: Sicilian Invitation	1. Nf3 c5 2. d4 Nc6 3. dxc5 e6 4. Be3 Nf6
2019.11.01	1-0	1261	1219	King's Pawn Game: Wayward Queen Attack	1. e4 e5 2. Qh5 Nc6 3. Bc4 g6 4. Qf3 Qf6
2019.11.01	1-0	1777	1545	French Defense: Knight Variation	1. e4 e6 2. Nf3 d5 3. exd5 exd5 4. d4 Nf6
2019.11.01	0-1	1026	1388	King's Pawn Game: Maróczy Defense	1. e4 e5 2. d4 d6 3. d5 h6 4. g4 Nf6
2019.11.01	0-1	1881	2184	King's Indian Defense: Sämisch Variation, Yates Defense	1. c4 Nf6 2. Nc3 g6 3. e4 d6 4. d4 Bg7
2019.11.01	1-0	1749	1755	Modern Defense: Two Knights Variation	1. e4 g6 2. d4 Bg7 3. Nf3 d6 4. Nc3 e6
2019.11.01	0-1	2522	2623	King's Indian Defense: Orthodox Variation, Positional Defense	1. d4 Nf6 2. c4 g6 3. Nc3 Bg7 4. Nf3 O-O
2019.11.01	0-1	1380	1333	Scandinavian Defense: Mieses-Kotroc Variation	1. e4 d5 2. exd5 Qxd5 3. c3 Qe5+ 4. Qe2 Qxe2+
2019.11.01	0-1	2091	2028	Van't Kruijs Opening	1. e3 d5 2. b3 Nf6 3. Bb2 c6 4. f4 Bg4
2019.11.01	1-0	1816	1761	Modern Defense	1. e4 g6 2. Nf3 Bg7 3. Bc4 d6 4. Ng5 e6
2019.11.01	1-0	1376	1358	Caro-Kann Defense: Breyer Variation	1. e4 c6 2. d3 e6 3. Nf3 d5 4. Nc3 Nf6
2019.11.01	1-0	1034	877	Danish Gambit	1. e4 e5 2. d4 exd4 3. c3 Nc6 4. cxd4 d5
2019.11.01	1-0	2465	2132	English Opening: Anglo-Scandinavian Defense	1. c4 d5 2. g3 dxc4 3. Bg2 c6 4. Nf3 b5
2019.11.01	0-1	1549	1627	Four Knights Game	1. e4 e5 2. Nc3 Nc6 3. Nf3 Nf6 4. Be2 Be7
2019.11.01	1-0	1461	1410	Queen's Gambit Declined: Tarrasch Defense, Pseudo-Tarrasch	1. d4 e6 2. Nf3 d5 3. c4 c5 4. Nc3 Nc6
2019.11.01	0-1	1869	1853	Scandinavian Defense: Mieses-Kotroc Variation	1. e4 d5 2. exd5 Qxd5 3. Nc3 Qd8 4. Bc4 Nf6
2019.11.01	1-0	1300	1301	Zukertort Opening: Vos Gambit	1. d4 d6 2. Nf3 e5 3. dxe5 dxe5 4. Qxd8+ Kxd8
2019.11.01	1-0	2023	1907	French Defense: Rubinstein Variation, Blackburne Defense	1. e4 e6 2. d4 d5 3. Nd2 dxe4 4. Nxe4 Nd7
2019.11.01	1-0	1115	1101	Scandinavian Defense: Mieses-Kotroc Variation	1. e4 d5 2. exd5 Qxd5 3. Nc3 Qe5+ 4. Qe2 Qxe2+
2019.11.01	1-0	2398	2095	Sicilian Defense: Smith-Morra Gambit #2	1. e4 c5 2. d4 d6 3. c3 cxd4 4. Bc4 dxc3
2019.11.01	0-1	2179	2258	French Defense: Normal Variation	1. e4 e6 2. d4 Be7 3. c4 d5 4. e5 c5
2019.11.01	0-1	1807	1824	Caro-Kann Defense	1. e4 c6 2. Nf3 d6 3. d4 Qc7 4. Nc3 Bg4
2019.11.01	0-1	2054	2094	Sicilian Defense: French Variation	1. e4 c5 2. Nf3 e6 3. d3 Nc6 4. g3 h6
2019.11.01	0-1	1895	1907	Englund Gambit Complex: Hartlaub-Charlick Gambit	1. d4 e5 2. dxe5 d6 3. Bf4 Nc6 4. Nf3 Bg4
2019.11.01	1-0	1565	1546	English Opening: Symmetrical Variation, Normal Variation	1. c4 c5 2. Nc3 g6 3. g3 Bg7 4. Bg2 Nf6
2019.11.01	1-0	1584	1571	Horwitz Defense	1. d4 e6 2. c4 c5 3. e3 Nf6 4. Nf3 Ne4
2019.11.01	1-0	1811	1826	Sicilian Defense: McDonnell Attack	1. e4 c5 2. f4 Nc6 3. Nf3 e6 4. d4 cxd4
2019.11.01	1-0	1372	1371	Sicilian Defense: Closed Variation, Traditional	1. e4 c5 2. Nc3 Nc6 3. Nf3 e5 4. Bb5 Qc7
2019.11.01	0-1	1434	1441	Scandinavian Defense: Mieses-Kotroc Variation	1. e4 d5 2. exd5 Qxd5 3. Nc3 Qe6+ 4. Be2 Nc6
2019.11.01	1-0	1346	1347	Scotch Game	1. e4 e5 2. Nf3 Nc6 3. d4 exd4 4. Nxd4 Nxd4
2019.11.01	0-1	1877	1883	Sicilian Defense: Smith-Morra Gambit	1. e4 c5 2. d4 cxd4 3. c3 dxc3 4. Nxc3 Nc6
2019.11.01	0-1	1854	1864	Slav Defense: Three Knights Variation	1. d4 d5 2. c4 c6 3. Nc3 Nf6 4. Nf3 Bg4
2019.11.01	1-0	2134	2154	Queen's Pawn Game: Zukertort Variation	1. d4 d5 2. Nf3 e6 3. c4 c6 4. Nbd2 f5
2019.11.01	0-1	1480	1509	Queen's Gambit Declined	1. d4 d5 2. c4 e6 3. a3 g6 4. Nc3 Bg7
2019.11.01	1-0	2179	1816	Italian Game: Scotch Gambit, Max Lange Attack, Spielmann Defense	1. e4 e5 2. Nf3 Nc6 3. d4 exd4 4. Bc4 Bc5
2019.11.01	1-0	1624	1618	Horwitz Defense	1. d4 e6 2. Nf3 Nf6 3. g3 b6 4. Bg2 Bb7
2019.11.01	1-0	1590	1574	Sicilian Defense: French Variation, Open	1. e4 c5 2. Nf3 e6 3. d4 cxd4 4. Nxd4 b6
2019.11.01	0-1	1646	1706	Robatsch (Modern) Defense	1. e4 g6 2. d4 Bg7 3. Be3 d6 4. Bd3 Nd7
2019.11.01	0-1	1141	1251	King's Pawn Game: Wayward Queen Attack	1. e4 e5 2. Qh5 Nc6 3. Nf3 Nf6 4. Qg4 Nxg4
2019.11.01	1-0	1919	1838	Sicilian Defense: Wing Gambit, Carlsbad Variation	1. e4 c5 2. b4 cxb4 3. a3 bxa3 4. Nxa3 e5
2019.11.01	0-1	1368	1386	Modern Defense	1. d4 g6 2. c4 Bg7 3. Nc3 Nc6 4. Bg5 Nf6
2019.11.01	1-0	1967	1866	Sicilian Defense: Old Sicilian	1. e4 c5 2. Nf3 Nc6 3. d3 e6 4. g3 d5
2019.11.01	0-1	1761	1753	Sicilian Defense: Grand Prix Attack	1. e4 c5 2. Nc3 Nc6 3. f4 e5 4. Nf3 exf4
2019.11.01	0-1	1512	1502	Philidor Defense #2	1. e4 e5 2. Nf3 d6 3. Bb5+ c6 4. Be2 Nf6
2019.11.01	1/2-1/2	2051	1928	Slav Defense: Quiet Variation	1. d4 d5 2. c4 c6 3. Nf3 Nf6 4. e3 e6
2019.11.01	1-0	1827	1838	Sicilian Defense: Closed Variation, Traditional	1. e4 c5 2. Nc3 Nc6 3. Bc4 e6 4. a4 Nf6
2019.11.01	0-1	1927	1956	Queen's Gambit Refused: Chigorin Defense	1. d4 Nc6 2. c4 d5 3. Nf3 Nf6 4. Nc3 Bf5
2019.11.01	1-0	2144	2037	Sicilian Defense: Dragon Variation, Modern Bc4 Variation	1. Nc3 c5 2. e4 Nc6 3. Nf3 d6 4. d4 cxd4
2019.11.01	0-1	2164	2036	Sicilian Defense: Delayed Alapin	1. e4 c5 2. Nf3 d6 3. c3 Nf6 4. Be2 Nc6
2019.11.01	0-1	1821	2086	Sicilian Defense: Bowdler Attack	1. e4 c5 2. Bc4 Nc6 3. Nf3 Nf6 4. Nh4 Nxe4
2019.11.01	1-0	2335	2243	Old Benoni Defense	1. d4 c5 2. Nf3 cxd4 3. Bf4 Nf6 4. Bg3 g6
2019.11.01	1/2-1/2	1441	1350	Modern Defense	1. d4 g6 2. c4 Bg7 3. Nc3 d5 4. e4 dxc4
2019.11.01	1-0	1336	1129	Queen's Pawn Game #2	1. d4 d5 2. e3 f6 3. Nf3 e5 4. dxe5 fxe5
2019.11.01	1/2-1/2	1393	1355	Center Game: Normal Variation	1. e4 e5 2. d4 exd4 3. Qxd4 Nc6 4. Qd5 d6
2019.11.01	1-0	1081	893	Zukertort Opening: Tennison Gambit	1. Nf3 d5 2. e4 dxe4 3. Nd4 g6 4. Bc4 f5
2019.11.01	0-1	2008	2156	English Opening: Anglo-Indian Defense, King's Indian Formation	1. Nf3 Nf6 2. c4 g6 3. b4 Bg7 4. Bb2 O-O
2019.11.01	0-1	1936	1764	English Opening: Agincourt Defense	1. c4 e6 2. e3 d5 3. cxd5 exd5 4. d4 c6
2019.11.01	0-1	1990	1948	King's Indian Defense: Normal Variation, Rare Defenses	1. d4 Nf6 2. c4 g6 3. Nc3 Bg7 4. e4 d6
2019.11.01	0-1	1692	1743	Nimzo-Larsen Attack: Modern Variation #3	1. b3 e5 2. Bb2 Nc6 3. e4 Nf6 4. Bb5 Nxe4
2019.11.01	0-1	1420	1496	French Defense: Knight Variation	1. e4 e6 2. Nf3 d5 3. exd5 exd5 4. d4 Nc6
2019.11.01	0-1	1627	1668	Saragossa Opening	1. c3 e5 2. Nf3 d6 3. d4 exd4 4. Nxd4 Nf6
2019.11.01	0-1	2330	2269	Caro-Kann Defense: Classical, 7...Nd7	1. e4 c6 2. d4 d5 3. Nc3 dxe4 4. Nxe4 Bf5
2019.11.01	1-0	1431	1414	Scandinavian Defense: Mieses-Kotroc Variation	1. e4 d5 2. exd5 Qxd5 3. Nc3 Qd8 4. d4 Bf5
2019.11.01	1-0	1816	1819	Sicilian Defense: Hyperaccelerated Dragon	1. e4 c5 2. Nf3 g6 3. Bc4 Bg7 4. O-O e6
2019.11.01	0-1	1398	1375	Hungarian Opening	1. g3 e5 2. Bg2 Nc6 3. d3 Nf6 4. Nf3 Bb4+
2019.11.01	1-0	1670	1826	Indian Game	1. d4 Nf6 2. Bf4 e6 3. e3 c5 4. c3 cxd4
2019.11.01	1-0	1131	1211	Nimzowitsch Defense: Scandinavian Variation, Advance Variation	1. d4 d5 2. e4 Nc6 3. e5 e6 4. Bf4 g5
2019.11.01	0-1	956	1066	Queen's Gambit Accepted: Rosenthal Variation	1. d4 d5 2. c4 e6 3. Nf3 dxc4 4. e3 Bb4+
2019.11.01	1-0	1912	1968	Ruy Lopez: Berlin Defense	1. e4 e5 2. Nf3 Nc6 3. Bb5 Nf6 4. O-O Bd6
2019.11.01	1-0	1650	1663	Italian Game: Anti-Fried Liver Defense	1. e4 e5 2. Nf3 Nc6 3. Bc4 h6 4. Nc3 Bb4
2019.11.01	0-1	2103	2084	Alekhine Defense: Maróczy Variation	1. d3 Nf6 2. e4 g6 3. c3 d6 4. Nf3 Bg7
2019.11.01	0-1	1335	1416	Queen's Pawn Game: Chigorin Variation	1. d4 d5 2. Nc3 Nf6 3. Nf3 e6 4. a3 Bd6
2019.11.01	1-0	1512	1466	King's Gambit Declined, Norwalde Variation	1. e4 e5 2. f4 Qf6 3. Nf3 Qxf4 4. d3 Qf6
2019.11.01	1-0	1597	1610	Queen's Pawn Game #2	1. d4 d5 2. e3 g6 3. a3 Bg7 4. Nc3 e6
2019.11.01	1-0	1954	1416	Semi-Slav Defense	1. d4 d5 2. c4 c6 3. Nf3 Nf6 4. Nc3 e6
2019.11.01	0-1	1252	1300	French Defense: Knight Variation	1. e4 e6 2. Nf3 d5 3. e5 c5 4. Bb5+ Bd7
2019.11.01	0-1	1886	1831	London System	1. d4 Nf6 2. Nf3 g6 3. Bf4 Bg7 4. e3 O-O
2019.11.01	1-0	1333	1236	Van't Kruijs Opening	1. e3 c5 2. b3 Nc6 3. Bb2 d5 4. Bb5 Bd7
2019.11.01	1-0	1402	1466	English Opening: King's English Variation, Reversed Sicilian	1. c4 e5 2. Nc3 Bc5 3. b3 a6 4. Bb2 Nc6
2019.11.01	1-0	1019	1022	Four Knights Game: Italian Variation	1. e4 e5 2. Nf3 Nc6 3. Nc3 Bc5 4. Bc4 Nf6
2019.11.01	0-1	2200	2182	King's Indian Defense: Sämisch Variation, Orthodox Variation	1. d4 Nf6 2. c4 g6 3. Nc3 Bg7 4. e4 d6
2019.11.01	1/2-1/2	1880	1841	Van't Kruijs Opening	1. e3 b6 2. Nf3 Bb7 3. d3 Nf6 4. Be2 e6
2019.11.01	1-0	2207	2164	Sicilian Defense: Closed	1. e4 e6 2. Nc3 c5 3. Nf3 d5 4. d4 cxd4
2019.11.01	1-0	2070	1976	Scandinavian Defense: Modern Variation #2	1. e4 d5 2. exd5 Nf6 3. Nc3 Nxd5 4. Bc4 Nxc3
2019.11.01	0-1	1264	1264	Ponziani Opening	1. e4 e5 2. Nf3 Nc6 3. c3 Bc5 4. d4 exd4
2019.11.01	0-1	1888	1898	Italian Game	1. e4 e5 2. Nf3 Nc6 3. Bc4 d6 4. O-O h6
2019.11.01	1-0	1643	1653	Sicilian Defense: Closed	1. e4 c5 2. Nc3 e6 3. Nf3 d6 4. d4 cxd4
2019.11.01	1/2-1/2	1819	1879	Van Geet Opening	1. Nc3 a6 2. d4 b5 3. Bf4 Bb7 4. h3 d6
2019.11.01	1-0	1260	1233	King's Knight Opening	1. e4 e5 2. Nf3 Ke7 3. Nc3 Ke6 4. Bc4+ Kd6
2019.11.01	1-0	850	899	Vienna Game	1. Nc3 e5 2. e4 d6 3. Bc4 Be6 4. Bb3 Bxb3
2019.11.01	0-1	2152	2221	Semi-Slav Defense: Quiet Variation #2	1. d4 Nf6 2. Nf3 e6 3. c4 d5 4. Nbd2 c6
2019.11.01	1-0	1295	1314	Four Knights Game: Double Spanish	1. e4 e5 2. Nf3 Nc6 3. Bb5 Nf6 4. Nc3 Bb4
2019.11.01	0-1	1958	2063	Nimzo-Larsen Attack	1. b3 e6 2. Bb2 Ba3 3. d3 Bxb2
2019.11.01	0-1	1794	2067	Caro-Kann Defense	1. e4 c6 2. Nf3 d5 3. exd5 cxd5 4. d4 Nf6
2019.11.01	0-1	1712	1995	Three Knights Opening	1. e4 e5 2. Nf3 Nc6 3. Nc3 Bc5 4. Bc4 d6
2019.11.01	0-1	1632	1626	Sicilian Defense: Bowdler Attack	1. e4 c5 2. Bc4 Nc6 3. Qh5 e6 4. Nh3 Nf6
2019.11.01	1-0	1803	1782	Latvian Gambit: Greco Variation	1. e4 e5 2. Nf3 f5 3. Nxe5 Qe7 4. d4 Nc6
2019.11.01	0-1	2271	2253	Rat Defense: Antal Defense	1. e4 d6 2. d4 Nd7 3. Nc3 e5 4. dxe5 dxe5
2019.11.01	1-0	1981	2063	King's Indian Defense: Normal Variation, King's Knight Variation	1. d4 Nf6 2. c4 g6 3. Nf3 Bg7 4. g3 O-O
2019.11.01	1-0	2397	2480	Sicilian Defense: Closed	1. e4 c5 2. Nc3 e6 3. Nf3 Nc6 4. g3 d5
2019.11.01	0-1	1703	1682	French Defense: Paulsen Variation	1. e4 e6 2. d4 d5 3. Nc3 c6 4. Bd3 Bb4
2019.11.01	0-1	1782	1900	English Opening: King's English Variation, Two Knights Variation	1. c4 e5 2. Nc3 Nf6 3. d3 d5 4. cxd5 Nxd5
2019.11.01	0-1	1323	1321	Center Game: Normal Variation	1. e4 e5 2. d4 exd4 3. Qxd4 Nc6 4. Qd1 Nf6
2019.11.01	1-0	1801	1758	Vienna Game	1. e4 e5 2. Nc3 d6 3. Nf3 f6 4. d4 Qd7
2019.11.01	1-0	1241	1073	French Defense #2	1. e4 e6 2. Bc4 d5 3. exd5 exd5 4. Bb5+ c6
2019.11.01	0-1	1315	1319	Dutch Defense: Rubinstein Variation	1. d4 f5 2. c4 e6 3. Nc3 Nf6 4. g3 Nc6
2019.11.01	1-0	2145	2035	Queen's Pawn Game: London System	1. d4 d5 2. Nf3 Nf6 3. Bf4 c5 4. e3 Nc6
2019.11.01	1-0	1448	1480	English Defense #2	1. d4 b6 2. Bf4 Bb7 3. e3 e6 4. Nf3 h6
2019.11.01	1-0	1605	1635	Russian Game: Damiano Variation	1. e4 e5 2. Nf3 Nf6 3. Nxe5 Nxe4 4. Qf3 Ng5
2019.11.01	1-0	1255	1301	French Defense: Normal Variation	1. e4 e6 2. d4 h6 3. Nc3 a6 4. f4 Bb4
2019.11.01	1-0	2533	2486	English Opening: Caro-Kann Defensive System	1. c4 c6 2. Nf3 d5 3. e3 Nf6 4. b3 Bf5
2019.11.01	0-1	1762	1721	Queen's Gambit Accepted: Saduleto Variation	1. d4 d5 2. c4 dxc4 3. e4 h6 4. d5 a6
2019.11.01	0-1	1261	1314	Pirc Defense: Classical Variation #2	1. e4 d6 2. Nf3 Nf6 3. Nc3 g6 4. d4 Nbd7
2019.11.01	1-0	1815	1859	Queen's Pawn Game: Liedmann Gambit	1. d4 c5 2. c4 cxd4 3. e3 dxe3 4. Bxe3 Nc6
2019.11.01	1-0	1754	1920	King's Gambit Declined, Queen's Knight Defense	1. e4 e5 2. f4 Nc6 3. Nf3 d6 4. Bc4 Bg4
2019.11.01	1-0	1879	1874	Queen's Pawn Game: Zukertort Variation	1. d4 d5 2. Nf3 e6 3. c4 c6 4. Nc3 Bb4
2019.11.01	1-0	2239	2251	French Defense: Advance Variation, Main Line	1. e4 e6 2. d4 d5 3. e5 c5 4. c3 Nc6
2019.11.01	1-0	2156	2047	French Defense: King's Indian Attack	1. e4 e6 2. d3 d5 3. Nd2 dxe4 4. dxe4 Nd7
2019.11.01	1-0	1443	1347	Sicilian Defense: French Variation	1. e4 c5 2. Nf3 e6 3. Bc4 d5 4. exd5 exd5
2019.11.01	1-0	1560	1456	Sicilian Defense: Delayed Alapin	1. e4 c5 2. Nf3 d6 3. c3 Nf6 4. Bb5+ Nc6
2019.11.01	1-0	1708	1712	Queen's Gambit Refused: Baltic Defense	1. d4 d5 2. c4 Bf5 3. cxd5 Qxd5 4. Nc3 Qd8
2019.11.01	0-1	1654	1579	King's Gambit Declined, Queen's Knight Defense	1. e4 e5 2. f4 Nc6 3. Nf3 Bb4 4. Bc4 h6
2019.11.01	1-0	2071	1958	Queen's Gambit Declined: Harrwitz Attack	1. d4 d5 2. c4 e6 3. Nc3 Nf6 4. Nf3 Be7
2019.11.01	0-1	2386	2364	Nimzo-Larsen Attack: Classical Variation	1. b3 d5 2. Bb2 e6 3. e3 Nf6 4. f4 c6
2019.11.01	1-0	2141	2122	Englund Gambit Complex Declined	1. d4 e5 2. d5 d6 3. e4 f5 4. Nc3 fxe4
2019.11.01	0-1	1645	1682	Caro-Kann Defense: Advance Variation	1. e4 c6 2. d4 d5 3. e5 Bf5 4. c4 e6
2019.11.01	1-0	1370	1307	Englund Gambit Declined, Reversed French	1. e3 e5 2. d4 e4 3. f3 d5 4. fxe4 dxe4
2019.11.01	1-0	1632	1608	Queen's Gambit Accepted: Normal Variation	1. d4 d5 2. c4 dxc4 3. Nf3 Bf5 4. g3 Nf6
2019.11.01	1-0	1900	1912	English Defense #2	1. d4 b6 2. c4 Bb7 3. Nc3 d6 4. Nf3 Nd7
2019.11.01	1-0	2196	2124	Caro-Kann Defense: Tartakower Variation	1. e4 c6 2. d4 d5 3. Nc3 dxe4 4. Nxe4 Nf6
2019.11.01	1-0	2270	2246	Van't Kruijs Opening	1. e3 c5 2. b3 d5 3. Bb2 Nc6 4. d4 e5
2019.11.01	1-0	1576	1534	Alekhine Defense: Normal Variation	1. e4 Nf6 2. e5 Nd5 3. c3 e6 4. c4 Nb6
2019.11.01	1-0	2439	2256	English Opening: Anglo-Scandinavian Defense	1. c4 d5 2. Nc3 dxc4 3. e4 e6 4. Nf3 Nc6
2019.11.01	0-1	1399	1474	Modern Defense	1. e4 g6 2. Nc3 Bg7 3. Bc4 b6 4. Qf3 e6
2019.11.01	1-0	1588	1590	Sicilian Defense: Smith-Morra Gambit #2	1. e4 c5 2. d4 d5 3. dxc5 dxe4 4. Qxd8+ Kxd8
2019.11.01	1-0	1772	1429	Scandinavian Defense: Mieses-Kotroc Variation	1. e4 d5 2. exd5 Qxd5 3. Nc3 Qe6+ 4. Qe2 Qxe2+
2019.11.01	0-1	1235	1917	King's Indian Defense: Normal Variation, King's Knight Variation	1. d4 Nf6 2. c4 g6 3. Nf3 Bg7 4. Bg5 O-O
2019.11.01	1-0	2152	2208	Queen's Pawn Game: Symmetrical Variation, Pseudo-Catalan	1. d4 d5 2. Nf3 Nf6 3. g3 Bg4 4. Bg2 e6
2019.11.01	0-1	1486	1614	Sicilian Defense	1. e4 c5 2. d3 Nc6 3. Nc3 Nf6 4. Be3 e6
2019.11.01	1-0	1291	1307	Sicilian Defense: Smith-Morra Gambit #2	1. e4 c5 2. d4 cxd4 3. Qxd4 Nc6 4. Qe3 e6
2019.11.01	0-1	1130	1167	Queen's Pawn Game #2	1. d4 d5 2. e3 e6 3. Bd3 Bb4+ 4. c3 Bd6
2019.11.01	1-0	1248	1179	Ruy Lopez: Exchange Variation	1. e4 e5 2. Nf3 Nc6 3. Bb5 a6 4. Bxc6 dxc6
2019.11.01	0-1	1867	1733	Nimzo-Larsen Attack: Indian Variation	1. b3 Nf6 2. Bb2 g6 3. d4 Bg7 4. Nf3 O-O
2019.11.01	1-0	1318	1325	Bird Opening: Dutch Variation	1. f4 d5 2. Nf3 Nc6 3. e3 Bf5 4. c3 Nf6
2019.11.01	1-0	2001	1946	Scotch Game: Göring Gambit, Double Pawn Sacrifice	1. e4 e5 2. d4 exd4 3. c3 dxc3 4. Bc4 Nc6
2019.11.01	1-0	1403	1333	Horwitz Defense	1. d4 e6 2. e3 Nc6 3. Bd3 d5 4. c3 Bd6
2019.11.01	0-1	1653	2233	Trompowsky Attack	1. d4 Nf6 2. Bg5 Ne4 3. Bf4 d5 4. c3 g6
2019.11.01	0-1	1373	1388	Sicilian Defense: McDonnell Attack	1. e4 c5 2. f4 d6 3. Nf3 Nc6 4. Bc4 e6
2019.11.01	1-0	1371	1376	Caro-Kann Defense	1. e4 c6 2. Nf3 d5 3. exd5 cxd5 4. d4 g6
2019.11.01	0-1	1209	1220	Sicilian Defense: Closed	1. e4 e6 2. Nc3 c5 3. Nd5 exd5 4. Qh5 g6
2019.11.01	1-0	1591	1552	Queen's Gambit Declined: Traditional Variation	1. d4 d5 2. c4 e6 3. Nf3 Nf6 4. Bg5 Bd6
2019.11.01	0-1	1841	1840	King's Pawn Game: McConnell Defense	1. e4 e5 2. Nf3 Qf6 3. Bc4 Bc5 4. a3 Nc6
2019.11.01	1-0	1688	1661	Queen's Pawn Game: Zukertort Variation	1. d4 d5 2. Nf3 e6 3. Bf4 Nf6 4. e3 c5
2019.11.01	1-0	1635	1652	King's Knight Opening: Normal Variation	1. e4 e5 2. Nf3 Nc6 3. a3 d6 4. h3 Be6
2019.11.01	0-1	1248	1262	Queen's Pawn Game: Mason Attack	1. d4 d5 2. Bf4 Nc6 3. e3 a6 4. Bd3 Nb4
2019.11.01	0-1	2025	2116	Benoni Defense: Benoni Gambit Accepted	1. d4 c5 2. dxc5 e6 3. Nf3 Bxc5 4. e3 Nf6
2019.11.01	0-1	1682	1695	Modern Defense: Norwegian Defense	1. e4 g6 2. d4 Nf6 3. Bd3 d6 4. f4 Bg7
2019.11.01	0-1	1416	1397	Nimzowitsch Defense: Kennedy Variation, Linksspringer Variation	1. e4 e5 2. d4 Nc6 3. d5 Nd4 4. c3 Nf5
2019.11.01	0-1	1794	1787	French Defense: Advance Variation, Euwe Variation	1. e4 e6 2. e5 d5 3. d4 c5 4. c3 Bd7
2019.11.01	1-0	2291	2245	Grünfeld Defense: Exchange Variation, Modern Exchange Variation	1. d4 Nf6 2. c4 g6 3. Nc3 d5 4. cxd5 Nxd5
2019.11.01	1-0	1689	1632	Hungarian Opening	1. g3 d5 2. Bg2 Nf6 3. d3 Nc6 4. b3 e5
2019.11.01	1-0	1985	1858	Réti Opening	1. Nf3 d5 2. c4 Nc6 3. cxd5 Qxd5 4. Nc3 Qd8
2019.11.01	0-1	1423	1432	Horwitz Defense	1. d4 e6 2. Bf4 d5 3. Nf3 Nf6 4. e3 Bd6
2019.11.01	1-0	1969	1947	Grob Opening: Double Grob	1. g4 g5 2. Bg2 Bg7 3. h4 gxh4 4. Rxh4 h6
2019.11.01	1-0	1256	1331	Modern Defense	1. d4 g6 2. c4 Bg7 3. Nc3 e6 4. Nf3 Ne7
2019.11.01	0-1	1784	1811	Sicilian Defense: Old Sicilian	1. e4 c5 2. Nf3 Nc6 3. Nc3 Nf6 4. Bc4 d6
2019.11.01	0-1	2212	2116	King's Indian Defense: Kramer Variation	1. d4 Nf6 2. c4 g6 3. Nc3 Bg7 4. e4 d6
2019.11.01	0-1	1533	1506	Owen Defense	1. e4 b6 2. d4 Bb7 3. d5 g6 4. Bd2 Bg7
2019.11.01	1-0	1115	1207	King's Pawn Game: Leonardis Variation	1. e4 e5 2. d3 Nf6 3. Nf3 Bc5 4. g3 c6
2019.11.01	1-0	1605	1761	Italian Game: Hungarian Defense	1. e4 e5 2. Nf3 Nc6 3. Bc4 Be7 4. O-O d6
2019.11.01	1-0	1917	1935	King's Gambit Accepted, Hanstein Gambit	1. e4 e5 2. f4 exf4 3. Nf3 g5 4. Bc4 Bg7
2019.11.01	1-0	1548	1590	Owen Defense	1. e4 b6 2. d3 Bb7 3. Be3 d6 4. Nf3 e6
2019.11.01	0-1	1036	933	Vienna Game	1. e4 e5 2. Nc3 Qf6 3. Nf3 Bc5 4. g4 g5
2019.11.01	1-0	1223	1191	Van Geet Opening: Billockus-Johansen Gambit	1. Nc3 e5 2. Nf3 Bc5 3. Ne4 Bxf2+ 4. Nxf2 d5
2019.11.01	1-0	1957	1912	Zukertort Opening: Slav Invitation	1. Nf3 c6 2. d3 d5 3. Nbd2 e6 4. e4 dxe4
2019.11.01	1-0	1079	1129	Owen Defense	1. e4 b6 2. d4 Bb7 3. Nc3 d5 4. exd5 e6
2019.11.01	1-0	1596	1719	Scandinavian Defense: Main Line	1. e4 d5 2. exd5 Qxd5 3. Nc3 Qa5 4. d4 c6
2019.11.01	0-1	1856	1945	English Opening: King's English Variation	1. c4 e5 2. Qa4 Nf6 3. b4 Qe7 4. b5 Qb4
2019.11.01	0-1	797	773	Polish Defense	1. d4 b5 2. Nc3 b4 3. Nb5 a6 4. Nxc7+ Qxc7
2019.11.01	1-0	972	1056	French Defense: Winawer Variation, Fingerslip Variation	1. d4 d5 2. Nc3 e6 3. e4 Bb4 4. Bd2 Bxc3
2019.11.01	0-1	1583	1635	Sicilian Defense: French Variation	1. e4 c5 2. Nf3 e6 3. Nc3 a6 4. b3 b5
2019.11.01	1-0	1281	1350	Scandinavian Defense: Mieses-Kotroc Variation	1. e4 d5 2. exd5 Qxd5 3. Nc3 Qd8 4. Nf3 c6
2019.11.01	1-0	1740	1771	French Defense: Tarrasch Variation, Chistyakov Defense	1. e4 e6 2. d4 d5 3. Nd2 c5 4. exd5 Qxd5
2019.11.01	0-1	1914	1924	Sicilian Defense: Dragon Variation	1. e4 c5 2. Nf3 d6 3. d4 cxd4 4. Nxd4 Nf6
2019.11.01	1-0	1715	1686	French Defense: Knight Variation	1. e4 e6 2. Nf3 d5 3. e5 c5 4. Nc3 Nc6
2019.11.01	0-1	1249	1277	Scotch Game	1. e4 e5 2. Nf3 Nc6 3. d4 f6 4. dxe5 fxe5
2019.11.01	0-1	1532	1542	Caro-Kann Defense: Advance Variation, Bronstein Variation	1. d4 c6 2. e4 d5 3. e5 Bf5 4. Ne2 e6
2019.11.01	0-1	1671	1676	King's Indian Defense: Normal Variation	1. d4 Nf6 2. c4 g6 3. Nc3 Bg7 4. e4 O-O
2019.11.01	0-1	843	1044	Sicilian Defense: Paulsen Variation, Normal Variation	1. e4 c5 2. Nf3 e6 3. d4 cxd4 4. Nxd4 Nc6
2019.11.01	0-1	942	968	Bird Opening	1. f4 f5 2. d3 Nc6 3. Nf3 d6 4. g3 e5
2019.11.01	0-1	1232	1181	Indian Game	1. d4 Nf6 2. Bf4 e6 3. e3 d5 4. Nf3 Nc6
2019.11.01	1-0	1804	1699	Indian Game	1. d4 Nf6 2. e3 e6 3. Bd3 c5 4. Nf3 cxd4
2019.11.01	1-0	1389	1385	Old Benoni Defense	1. d4 c5 2. e3 cxd4 3. Qxd4 Nc6 4. Qd2 e6
2019.11.01	1-0	1284	1320	Queen's Pawn	1. d4 c6 2. Bf4 d5 3. e3 Bf5 4. c4 e6
2019.11.01	0-1	1380	1347	Sicilian Defense: Nyezhmetdinov-Rossolimo Attack	1. e4 c5 2. Nf3 Nc6 3. Bb5 d6 4. Nc3 a6
2019.11.01	1-0	1157	1164	Queen's Pawn Game: Mason Attack	1. d4 d5 2. Bf4 Nc6 3. Nf3 g6 4. h3 Bg7
2019.11.01	1-0	1341	1335	Queen's Gambit Accepted: Normal Variation, Traditional System	1. d4 d5 2. c4 e6 3. e3 Nf6 4. Nf3 dxc4
2019.11.01	1-0	890	740	King's Pawn Game: Napoleon Attack	1. e4 e5 2. Qf3 Nf6 3. Bc4 Nc6 4. Nh3 a5
2019.11.01	0-1	1680	1701	King's Gambit Accepted, Lolli Gambit	1. e4 e5 2. f4 exf4 3. Nf3 g5 4. Bc4 g4
2019.11.01	1-0	1559	1624	English Opening: King's English Variation	1. c4 e5 2. d3 Bc5 3. g3 Ne7 4. e3 Bb6
2019.11.01	0-1	1435	1420	Van't Kruijs Opening	1. e3 e5 2. Ne2 d5 3. Ng3 f5 4. b3 g6
2019.11.01	0-1	1446	1549	Old Benoni Defense	1. d4 c5 2. c4 cxd4 3. Qxd4 Nc6 4. Qd1 Nf6
2019.11.01	1-0	1855	1818	Sicilian Defense: Nyezhmetdinov-Rossolimo Attack	1. e4 c5 2. Nf3 Nc6 3. Bb5 Qa5 4. Bxc6 bxc6
2019.11.01	1-0	1968	1945	Queen's Gambit Refused: Albin Countergambit	1. d4 d5 2. c4 e5 3. dxe5 Be6 4. cxd5 Bxd5
2019.11.01	1-0	1198	1463	Ruy Lopez: Exchange Variation, Normal Variation	1. e4 e5 2. Nf3 Nc6 3. Bb5 a6 4. Bxc6 dxc6
2019.11.01	0-1	1213	1681	Ruy Lopez: Morphy Defense, Arkhangelsk Variation	1. e4 e5 2. Nf3 Nc6 3. Bb5 a6 4. Ba4 Nf6
2019.11.01	1-0	1921	1797	Queen's Pawn	1. d4 c6 2. Nc3 g6 3. e4 Bg7 4. e5 d6
2019.11.01	1/2-1/2	1983	2118	Russian Game: Nimzowitsch Attack	1. e4 e5 2. Nf3 Nf6 3. Nxe5 d6 4. Nf3 Nxe4
2019.11.01	1-0	1812	1465	English Opening: Anglo-Indian Defense, Old Indian Formation	1. Nf3 Nf6 2. c4 d6 3. d4 e6 4. Nc3 b6
2019.11.01	0-1	1908	1959	Sicilian Defense: Four Knights Variation	1. e4 c5 2. Nf3 e6 3. d4 cxd4 4. Nxd4 Nf6
2019.11.01	0-1	1038	1008	English Opening: Anglo-Scandinavian Defense	1. c4 d5 2. e3 dxc4 3. Bxc4 Be6 4. b3 Bxc4
2019.11.01	1/2-1/2	2046	2030	Scotch Game: Haxo Gambit	1. e4 e5 2. Nf3 Nc6 3. d4 exd4 4. Bc4 Bc5
2019.11.01	1-0	1239	1109	Bishop's Opening	1. e4 e5 2. Bc4 Nc6 3. Qf3 Nf6 4. c3 Na5
2019.11.01	1-0	1504	1524	Philidor Defense	1. e4 e5 2. Nf3 d6 3. d4 Qf6 4. dxe5 dxe5
2019.11.01	0-1	1554	1538	Sicilian Defense: Old Sicilian	1. e4 c5 2. Nf3 Nc6 3. Bc4 d6 4. d4 cxd4
2019.11.01	0-1	1347	1352	Sicilian Defense: Smith-Morra Gambit #2	1. e4 c5 2. d4 cxd4 3. Qxd4 Nc6 4. Qa4 d6
2019.11.01	1-0	1724	1751	Queen's Pawn Game: Mason Attack	1. d4 d5 2. Bf4 Nf6 3. e3 Nc6 4. Nf3 e6
2019.11.01	0-1	1400	1355	French Defense: Normal Variation	1. d4 e6 2. e4 c6 3. Nf3 g6 4. a4 Bg7
2019.11.01	0-1	1882	1703	Scandinavian Defense: Main Line	1. e4 d5 2. exd5 Qxd5 3. Nc3 Qa5 4. d4 Nc6
2019.11.01	0-1	1558	1560	Philidor Defense #3	1. e4 e5 2. Nf3 d6 3. Bc4 Bg4 4. O-O Bxf3
2019.11.01	1-0	1562	1568	Queen's Gambit Refused: Marshall Defense	1. d4 d5 2. c4 Nf6 3. Nf3 e6 4. e3 Be7
2019.11.01	0-1	1986	1941	Queen's Pawn	1. d4 a6 2. c4 b5 3. cxb5 axb5 4. e3 c6
2019.11.01	0-1	1682	1576	Sicilian Defense: Staunton-Cochrane Variation	1. c4 c5 2. e4 Nc6 3. d3 Nf6 4. h3 e5
2019.11.01	1-0	1964	1837	Ruy Lopez: Morphy Defense	1. e4 e5 2. Nf3 Nc6 3. Bb5 a6 4. Ba4 Nf6
2019.11.01	1-0	2667	2698	English Opening: King's English Variation, Reversed Closed Sicilian	1. c4 e5 2. Nc3 Nc6 3. g3 f5 4. Bg2 Nf6
2019.11.01	1-0	1457	1383	Sicilian Defense: Marshall Counterattack	1. e4 e6 2. Nf3 c5 3. d4 d5 4. Bb5+ Bd7
2019.11.01	1-0	1717	1742	French Defense: Advance Variation #4	1. e4 e6 2. d4 d5 3. e5 c5 4. c4 Nc6
2019.11.01	0-1	1416	1368	King's Pawn Game: Wayward Queen Attack	1. e4 e5 2. Qh5 d6 3. Bb5+ Nc6 4. Bc4 Nf6
2019.11.01	1-0	1666	1662	Owen Defense	1. e4 b6 2. d4 Bb7 3. d5 g6 4. Nc3 Bg7
2019.11.01	0-1	1889	1993	Four Knights Game	1. e4 e5 2. Nc3 Nf6 3. Nf3 Nc6 4. h3 Bc5
2019.11.01	1-0	1036	1078	Four Knights Game: Italian Variation	1. e4 e5 2. Nf3 Nc6 3. Nc3 Nf6 4. Bc4 Bc5
2019.11.01	0-1	1423	1439	Van't Kruijs Opening	1. e3 d5 2. b3 h6 3. Bb2 a6 4. h3 b5
2019.11.01	0-1	1484	1483	Sicilian Defense: Nyezhmetdinov-Rossolimo Attack	1. e4 c5 2. Nf3 Nc6 3. Bb5 a6 4. Bxc6 bxc6
2019.11.01	0-1	1523	1544	Russian Game: Three Knights Game	1. e4 e5 2. Nf3 Nf6 3. Nc3 d6 4. a3 Nc6
2019.11.01	0-1	1339	1339	Caro-Kann Defense	1. e4 c6 2. e5 d5 3. exd6 Qxd6 4. d4 Bf5
2019.11.01	1-0	1872	1877	Modern Defense: Geller's System	1. e4 d6 2. Nf3 g6 3. d4 Bg7 4. c3 Nf6
2019.11.01	0-1	1677	1721	Saragossa Opening	1. c3 e5 2. f4 exf4 3. e3 fxe3 4. Qb3 exd2+
2019.11.01	1-0	2090	2062	Hungarian Opening: Slav Formation	1. g3 d5 2. Bg2 c6 3. c4 Bf5 4. cxd5 cxd5
2019.11.01	0-1	1603	1649	Sicilian Defense: Smith-Morra Gambit #2	1. e4 c5 2. d4 cxd4 3. Qxd4 Nc6 4. Qd1 e5
2019.11.01	1-0	1151	1085	Alekhine Defense: Two Pawn Attack, Lasker Variation	1. e4 Nf6 2. e5 Nd5 3. c4 Nb6 4. c5 Nd5
2019.11.01	1-0	1526	1500	Old Indian Defense	1. d4 d6 2. c4 e6 3. Nc3 f5 4. Nf3 Nc6
2019.11.01	1-0	2005	1920	Indian Game	1. d4 Nf6 2. Nc3 g6 3. Nf3 Bg7 4. Bg5 e6
2019.11.01	1-0	1582	1591	Nimzo-Larsen Attack	1. b3 e6 2. Bb2 d5 3. d3 Nc6 4. e3 Bd7
2019.11.01	0-1	1751	1915	Horwitz Defense	1. d4 e6 2. Nf3 d5 3. Bg5 Be7 4. Bxe7 Qxe7
2019.11.01	0-1	1384	1427	Sicilian Defense	1. e4 c5 2. Qh5 e6 3. c4 Nc6 4. Qe2 Nd4
2019.11.01	1-0	1693	1686	Sicilian Defense: Kan Variation, Knight Variation	1. e4 c5 2. Nf3 e6 3. d4 cxd4 4. Nxd4 a6
2019.11.01	1-0	1263	1164	Pirc Defense: Classical Variation	1. e4 g6 2. Nf3 Bg7 3. d4 d6 4. Nc3 Nf6
2019.11.01	0-1	2199	2171	Alekhine Defense: Normal Variation	1. e4 Nf6 2. e5 Nd5 3. Nf3 Nb6 4. c4 d6
2019.11.01	1-0	1201	867	Queen's Gambit Declined: Queen's Knight Variation	1. d4 d5 2. c4 e6 3. Nc3 dxc4 4. e4 Bb4
2019.11.01	1-0	1258	1092	Italian Game	1. e4 e5 2. Nf3 Nc6 3. Bc4 d6 4. Ng5 Qxg5
2019.11.01	0-1	1933	2091	Sicilian Defense: Smith-Morra Gambit Deferred	1. e4 c5 2. d4 e6 3. Nf3 cxd4 4. c3 d3
2019.11.01	0-1	1394	1395	Bishop's Opening	1. e4 e5 2. Bc4 d6 3. Qf3 Nf6 4. d3 g6
2019.11.01	0-1	1708	1703	Russian Game: Urusov Gambit	1. e4 e5 2. Nf3 Nf6 3. Bc4 Nxe4 4. O-O d5
2019.11.01	1-0	1185	1305	Nimzowitsch Defense: Kennedy Variation, Linksspringer Variation	1. e4 e5 2. d4 Nc6 3. d5 Nce7 4. Nc3 d6
2019.11.01	0-1	1804	1840	Queen's Pawn Game	1. d4 d5 2. c3 Bf5 3. e3 Nf6 4. Nd2 h6
2019.11.01	1-0	1615	1379	French Defense: La Bourdonnais Variation	1. f4 e6 2. e4 b6 3. c4 Bb7 4. d3 Bb4+
2019.11.01	1-0	2118	2132	Sicilian Defense: Wing Gambit, Carlsbad Variation	1. e4 c5 2. b4 cxb4 3. a3 bxa3 4. d4 g6
2019.11.01	1-0	1433	1444	Queen's Pawn Game: Franco-Sicilian Defense	1. e4 e6 2. d4 c5 3. dxc5 Bxc5 4. Nc3 Qf6
2019.11.01	1-0	1282	1297	Ponziani Opening	1. e4 e5 2. Nf3 Nc6 3. c3 Bc5 4. d4 exd4
2019.11.01	1-0	1651	1655	St. George Defense: Woodchuck Variation	1. e4 a6 2. d4 Nc6 3. c3 e6 4. f4 d5
2019.11.01	1-0	1255	969	King's Knight Opening	1. e4 e5 2. Nf3 Bd6 3. d3 Nf6 4. Nbd2 O-O
2019.11.01	0-1	1374	1386	Hungarian Opening: Symmetrical Variation	1. g3 g6 2. Bg2 Bg7 3. d4 e6 4. Nc3 Ne7
2019.11.01	0-1	1929	1979	Scandinavian Defense	1. e4 d5 2. Nc3 d4 3. Nce2 c5 4. d3 Nc6
2019.11.01	0-1	1287	1372	Scotch Game	1. e4 e5 2. Nf3 Nc6 3. d4 Nf6 4. d5 Ne7
2019.11.01	1-0	1917	1892	Indian Game	1. d4 Nf6 2. Bf4 c5 3. e3 cxd4 4. Bxb8 Qa5+
2019.11.01	0-1	873	905	Queen's Gambit Refused: Chigorin Defense #2	1. d4 d5 2. c4 Nc6 3. Nc3 e6 4. e3 Bb4
2019.11.01	0-1	2043	2070	Nimzo-Larsen Attack: Classical Variation	1. b3 d5 2. Bb2 e5 3. e3 Bd6 4. g3 Nf6
2019.11.01	1-0	2073	2132	Scandinavian Defense: Marshall Variation	1. e4 d5 2. exd5 Nf6 3. d4 Nxd5 4. c4 Nf6
2019.11.01	1-0	1604	1603	Queen's Gambit Accepted: Showalter Variation	1. d4 d5 2. c4 Nf6 3. Nc3 dxc4 4. Nf3 Bg4
2019.11.01	1-0	1538	1523	King's Pawn Game: Leonardis Variation	1. e4 e5 2. d3 Nc6 3. b3 Bc5 4. Bb2 d6
2019.11.01	1-0	1931	1997	French Defense: Exchange Variation	1. e4 e6 2. d4 d5 3. exd5 Qxd5 4. Nf3 Nf6
2019.11.01	1-0	1516	1487	Caro-Kann Defense: Hillbilly Attack	1. e4 c6 2. Bc4 d5 3. exd5 cxd5 4. Bb3 Nc6
2019.11.01	0-1	2152	2180	Scandinavian Defense: Gubinsky-Melts Defense	1. e4 d5 2. exd5 Qxd5 3. Nc3 Qd6 4. Bc4 Nf6
2019.11.01	1-0	2240	2233	King's Gambit Declined, Queen's Knight Defense	1. e4 e5 2. f4 Nc6 3. Nf3 d6 4. d4 exd4
2019.11.01	0-1	1351	1383	Modern Defense	1. d4 g6 2. a3 Bg7 3. Nc3 e6 4. e3 d6
2019.11.01	1-0	2070	2133	Van't Kruijs Opening	1. e3 e6 2. d4 d5 3. Nc3 c5 4. e4 Nf6
2019.11.01	1-0	1956	1979	Sicilian Defense: Canal Attack, Main Line	1. e4 c5 2. Nf3 d6 3. Bb5+ Bd7 4. Bxd7+ Nxd7
2019.11.01	1-0	1744	1703	Hungarian Opening: Symmetrical Variation	1. g3 g6 2. Bg2 Bg7 3. Nf3 Nf6 4. O-O O-O
2019.11.01	0-1	1711	1761	Van't Kruijs Opening	1. e3 g6 2. d3 Bg7 3. e4 c6 4. c3 Qb6
2019.11.01	1-0	1764	1789	Horwitz Defense	1. d4 e6 2. c4 Ne7 3. Nc3 Ng6 4. e4 c6
2019.11.01	1-0	1293	1240	Scotch Game	1. e4 e5 2. Nf3 Nc6 3. d4 d6 4. Bb5 f6
2019.11.01	1/2-1/2	1051	1148	Ruy Lopez: Steinitz Defense	1. e4 e5 2. Nf3 Nc6 3. Bb5 d6 4. Nc3 g6
2019.11.01	1-0	1523	1500	Bishop's Opening	1. e4 e5 2. Bc4 Nc6 3. c3 g6 4. Qf3 Bg7
2019.11.01	1-0	1270	1311	French Defense #2	1. e4 e6 2. Qf3 d5 3. exd5 exd5 4. Bb5+ c6
2019.11.01	0-1	1427	1495	Scandinavian Defense: Mieses-Kotroc Variation	1. e4 d5 2. exd5 Qxd5 3. Nc3 Qe5+ 4. Be2 Bf5
2019.11.01	0-1	1960	1811	King's Pawn Game: Leonardis Variation	1. e4 e5 2. d3 d6 3. Be2 Nf6 4. Bg5 Be7
2019.11.01	1-0	1099	1001	Australian Defense	1. d4 Na6 2. Nf3 f6 3. g3 g5 4. Bg2 b6
2019.11.01	1-0	1718	1772	Indian Game	1. d4 Nf6 2. e3 g6 3. a3 Bg7 4. f4 d6
2019.11.01	1-0	1415	1410	Italian Game: Classical Variation, Giuoco Pianissimo	1. e4 e5 2. Nf3 Nc6 3. Bc4 Bc5 4. c3 Nf6
2019.11.01	1-0	1426	1674	Semi-Slav Defense: Marshall Gambit	1. d4 d5 2. c4 e6 3. Nc3 c6 4. e4 dxe4
2019.11.01	1-0	1220	1280	Queen's Pawn Game: Mason Attack	1. d4 d5 2. Bf4 Bf5 3. Nf3 Nc6 4. e3 Nf6
2019.11.01	0-1	2070	2295	Sicilian Defense: Old Sicilian	1. e4 c5 2. Nf3 Nc6 3. d3 g6 4. g3 Bg7
2019.11.01	0-1	1403	1398	Giuoco Piano	1. e4 e5 2. Nf3 Nc6 3. Bc4 Bc5 4. O-O d6
2019.11.01	1-0	1952	1731	Van't Kruijs Opening	1. e3 e5 2. Nf3 d5 3. Be2 Nf6 4. O-O e4
2019.11.01	0-1	2158	1980	Zukertort Opening: Sicilian Invitation	1. Nf3 c5 2. e3 Nc6 3. b3 Nf6 4. Bb2 e6
2019.11.01	1-0	2139	1002	Ware Opening	1. a4 d5 2. h4 e6 3. a5 a6 4. e3 Nc6
2019.11.01	1-0	1559	1561	King's Gambit Accepted, King's Knight Gambit	1. e4 e5 2. f4 exf4 3. Nf3 g6 4. d4 Bg7
2019.11.01	1-0	1576	1574	Scandinavian Defense: Panov Transfer	1. e4 d5 2. exd5 Nf6 3. c4 c6 4. dxc6 Nxc6
2019.11.01	1-0	1524	1496	Zukertort Opening: Queenside Fianchetto Variation	1. Nf3 b6 2. g3 Bb7 3. Bg2 g6 4. O-O Bg7
2019.11.01	0-1	1964	1820	English Opening: Caro-Kann Defensive System	1. c4 c6 2. g3 d5 3. cxd5 cxd5 4. d4 Bf5
2019.11.01	1/2-1/2	1727	1816	Caro-Kann Defense	1. e4 c6 2. Nf3 d5 3. e5 Bg4 4. d4 e6
2019.11.01	1-0	1984	1357	Philidor Defense #3	1. e4 e5 2. Nf3 d6 3. Bc4 Bg4 4. O-O Bxf3
2019.11.01	1-0	1708	1610	Modern Defense	1. d4 g6 2. Bf4 Bg7 3. e3 e6 4. Be2 Nf6
2019.11.01	0-1	1898	1828	Queen's Pawn Game: Mason Attack	1. d4 d5 2. Bf4 Nc6 3. e3 Bf5 4. c3 e6
2019.11.01	0-1	1406	1429	Philidor Defense #3	1. e4 e5 2. Nf3 d6 3. Bc4 h6 4. d4 exd4
2019.11.01	0-1	1823	1616	Rat Defense: Small Center Defense	1. e4 d6 2. d4 e6 3. Nc3 Be7 4. Bd3 Nd7
2019.11.01	1/2-1/2	1483	1476	Russian Game: Three Knights Game	1. e4 e5 2. Nc3 Nf6 3. Nf3 d6 4. Bc4 Be6
2019.11.01	1-0	1726	1722	King's Gambit Accepted, Bishop's Gambit, Maurian Defense	1. e4 e5 2. f4 exf4 3. Bc4 Nc6 4. Nf3 d6
2019.11.01	1-0	1271	1117	Three Knights Opening	1. e4 e5 2. Nf3 Nc6 3. Nc3 a6 4. d4 d6
2019.11.01	1-0	2167	2047	Queen's Gambit Declined: Harrwitz Attack, Orthodox Defense	1. d4 d5 2. c4 e6 3. Nc3 Nf6 4. Nf3 Be7
2019.11.01	0-1	1348	1358	Queen's Pawn Game: Chigorin Variation	1. d4 d5 2. Nf3 Nc6 3. c4 dxc4 4. e4 Nf6
2019.11.01	0-1	1083	1085	Sicilian Defense: Smith-Morra Gambit #2	1. e4 c5 2. d4 d5 3. dxc5 dxe4 4. Qxd8+ Kxd8
2019.11.01	1-0	1503	1525	Old Benoni Defense	1. d4 c5 2. Nc3 cxd4 3. Qxd4 Nc6 4. Qd1 d6
2019.11.01	0-1	1840	1847	Sicilian Defense: Closed Variation	1. e4 c5 2. Nc3 g6 3. Nf3 Bg7 4. d4 cxd4
2019.11.01	0-1	1991	1961	Center Game: Berger Variation	1. e4 e5 2. d4 exd4 3. Qxd4 Nc6 4. Qe3 Nf6
2019.11.01	0-1	1417	1474	Queen's Pawn Game: Chigorin Variation	1. d4 d5 2. Nf3 Nc6 3. e3 Nf6 4. Bb5 e6
2019.11.01	1-0	1079	1038	Van't Kruijs Opening	1. e3 g6 2. g3 Bg7 3. c3 c6 4. Qc2 Qb6
2019.11.01	0-1	1594	1587	Danish Gambit Accepted	1. e4 e5 2. d4 exd4 3. c3 dxc3 4. Bc4 cxb2
2019.11.01	0-1	1772	1775	Queen's Pawn	1. d4 c6 2. Bf4 d5 3. Nf3 Nf6 4. e3 Bg4
2019.11.01	0-1	1810	1954	King's Gambit Accepted, Fischer Defense	1. e4 e5 2. f4 exf4 3. Nf3 d6 4. Bc4 Be7
2019.11.01	0-1	1224	1417	Modern Defense	1. d4 g6 2. Bf4 d6 3. Nf3 Bg7 4. e3 Nf6
2019.11.01	0-1	2064	2067	Queen's Pawn	1. d4 c6 2. Bg5 d5 3. Nf3 Nd7 4. Nbd2 h6
2019.11.01	0-1	1809	1833	Modern Defense	1. e4 g6 2. Nf3 Bg7 3. d4 d6 4. Be3 f5
2019.11.01	0-1	2081	2227	Sicilian Defense: Hyperaccelerated Fianchetto	1. e4 c5 2. Nf3 g6 3. d4 cxd4 4. Nxd4 Bg7
2019.11.01	0-1	1168	1099	Modern Defense	1. e4 g6 2. d4 d6 3. Nf3 Bg7 4. e5 dxe5
2019.11.01	0-1	1697	1639	Colle System	1. d4 e6 2. e3 d5 3. Nf3 Nf6 4. Be2 c6
2019.11.01	1-0	1521	1628	Queen's Gambit Refused: Baltic Defense	1. d4 d5 2. c4 Bf5 3. Nc3 dxc4 4. e3 e5
2019.11.01	1-0	1947	1943	Sicilian Defense	1. e4 c5 2. Nf3 d5 3. d4 dxe4 4. Ng5 Nf6
2019.11.01	1-0	1230	1222	King's Pawn	1. e4 b5 2. e5 a5 3. d4 f6 4. exf6 exf6
2019.11.01	1-0	1853	1886	King's Pawn Game: Maróczy Defense	1. e4 d6 2. d4 e5 3. dxe5 f6 4. exd6 Bxd6
2019.11.01	0-1	1262	1351	Queen's Pawn Game: Levitsky Attack	1. d4 d5 2. Bg5 Nc6 3. Nf3 Nf6 4. Bxf6 gxf6
2019.11.01	0-1	2246	2273	Russian Game: French Attack	1. e4 e5 2. Nf3 Nf6 3. Nxe5 d6 4. Nf3 Nxe4
2019.11.01	1-0	1487	1496	Sicilian Defense: Paulsen Variation	1. e4 c5 2. Nf3 Nc6 3. d4 cxd4 4. Nxd4 e6
2019.11.01	0-1	1428	1513	Queen's Gambit Refused: Marshall Defense	1. d4 d5 2. c4 Nf6 3. Nc3 dxc4 4. Bg5 e6
2019.11.01	0-1	1247	1397	Nimzo-Larsen Attack: Modern Variation #3	1. b3 e5 2. Bb2 Nc6 3. g3 Bc5 4. f4 exf4
2019.11.01	0-1	1039	1069	Nimzowitsch Defense: Scandinavian Variation, Advance Variation	1. e4 d5 2. e5 Nc6 3. d4 f6 4. f4 g5
2019.11.01	1-0	1584	1584	Sicilian Defense: French Variation	1. e4 c5 2. Nf3 e6 3. Bc4 Nc6 4. Nc3 a6
2019.11.01	1-0	1920	1842	Hungarian Opening	1. g3 d5 2. Bg2 Nf6 3. e3 Bd7 4. Ne2 Bc6
2019.11.01	1-0	1442	1320	Sicilian Defense: Bowdler Attack	1. e4 c5 2. Bc4 d6 3. Nf3 e5 4. d3 h6
2019.11.01	0-1	1771	1787	Queen's Pawn Game: Mason Attack	1. d4 d5 2. Bf4 Bf5 3. e3 Nc6 4. Nf3 Nb4
2019.11.01	1-0	1109	1210	Four Knights Game: Halloween Gambit	1. e4 e5 2. Nf3 Nc6 3. Nc3 Nf6 4. Nxe5 Nxe5
2019.11.01	1-0	1010	973	Blackmar-Diemer Gambit	1. d4 d5 2. e4 dxe4 3. c4 c5 4. f3 f5
2019.11.01	1-0	2029	2081	Tarrasch Defense: Prague Variation	1. d4 e6 2. c4 d5 3. Nc3 Nf6 4. Nf3 c5
2019.11.01	1-0	1486	1476	Italian Game	1. e4 e5 2. Nf3 Nc6 3. Bc4 d6 4. h3 Qf6
2019.11.01	1-0	1594	1596	Sicilian Defense: Lasker-Pelikan Variation, Retreat Variation	1. e4 c5 2. Nf3 Nc6 3. d4 cxd4 4. Nxd4 e5
2019.11.01	0-1	1739	1739	Italian Game: Giuoco Pianissimo, Italian Four Knights Variation	1. e4 e5 2. Nf3 Nc6 3. Nc3 Nf6 4. Bc4 Bc5
2019.11.01	0-1	1273	1208	Four Knights Game: Scotch Variation Accepted	1. e4 e5 2. Nc3 Nc6 3. Nf3 Nf6 4. d4 exd4
2019.11.01	1-0	2003	1971	Bishop's Opening: Ponziani Gambit	1. e4 e5 2. Bc4 Nf6 3. d4 Nxe4 4. dxe5 Nc5
2019.11.01	0-1	1725	1716	French Defense: Queen's Knight	1. e4 e6 2. Nc3 d5 3. exd5 exd5 4. d4 Nf6
2019.11.01	1-0	1513	1533	Scandinavian Defense: Mieses-Kotroc Variation	1. e4 d5 2. exd5 Qxd5 3. Nc3 Qd8 4. d3 e6
2019.11.01	1/2-1/2	1270	1322	Queen's Pawn Game	1. d4 d5 2. b3 e6 3. c4 dxc4 4. bxc4 Nc6
2019.11.01	1/2-1/2	2391	2088	Giuoco Piano	1. e4 e5 2. Nf3 Nc6 3. Bc4 Bc5 4. O-O Nf6
2019.11.01	1-0	1029	1136	Old Indian Defense	1. d4 d6 2. c4 e6 3. Nf3 c6 4. Bf4 Be7
2019.11.01	0-1	1809	1772	Sicilian Defense: Old Sicilian	1. e4 c5 2. Nf3 Nc6 3. Bc4 e6 4. c3 a6
2019.11.01	0-1	1713	1766	Sicilian Defense: Old Sicilian	1. e4 c5 2. Nf3 Nc6 3. Nc3 e5 4. d3 Nd4
2019.11.01	1-0	1941	1881	Scandinavian Defense: Marshall Variation	1. e4 d5 2. exd5 Nf6 3. d4 Nxd5 4. Nc3 c6
2019.11.01	0-1	1247	1256	Ruy Lopez: Berlin Defense #2	1. e4 e5 2. Nf3 Nc6 3. Bb5 Nf6 4. d3 Bc5
2019.11.01	0-1	1528	1629	Sicilian Defense	1. e4 c5 2. d3 g6 3. Qf3 Nc6 4. c3 Bg7
2019.11.01	0-1	2298	2320	Queen's Gambit Declined: Modern Variation, Normal Line	1. d4 d5 2. c4 e6 3. Nf3 Nf6 4. Nc3 Be7
2019.11.01	0-1	1936	2071	Sicilian Defense: Open #2	1. e4 c5 2. d4 cxd4 3. Nf3 Nc6 4. Bc4 g6
2019.11.01	1-0	1600	857	Zukertort Opening: Arctic Defense	1. Nf3 f6 2. g3 e5 3. Bg2 Nc6 4. d3 d5
2019.11.01	0-1	1479	1446	French Defense: Tarrasch Variation	1. d4 e6 2. e4 d5 3. Nd2 dxe4 4. Nxe4 a6
2019.11.01	1-0	2170	1964	Sicilian Defense: Closed Variation	1. e4 c5 2. Nc3 d6 3. f4 e5 4. Bc4 Nf6
2019.11.01	1-0	1845	1919	Indian Game: Przepiorka Variation	1. d4 Nf6 2. Nf3 g6 3. g3 Bg7 4. Bg2 O-O
2019.11.01	1-0	1238	956	Four Knights Game: Spanish Variation, Classical Variation	1. e4 e5 2. Nf3 Nf6 3. Nc3 Nc6 4. Bb5 Bc5
2019.11.01	1-0	1420	1423	Sicilian Defense	1. e4 c5 2. d3 d5 3. exd5 Nf6 4. c4 g6
2019.11.01	1-0	1667	1740	Hungarian Opening: Slav Formation	1. g3 c6 2. Bg2 d5 3. Nf3 e5 4. O-O Nf6
2019.11.01	0-1	1935	1813	Sicilian Defense	1. e4 c5
2019.11.01	1-0	2060	1868	Torre Attack	1. d4 Nf6 2. Nf3 e6 3. Bg5 d5 4. Nbd2 b6
2019.11.01	1-0	1967	2250	Sicilian Defense: Alapin Variation, Barmen Defense	1. e4 c5 2. c3 d5 3. exd5 Qxd5 4. d4 cxd4
2019.11.01	0-1	1599	1435	Duras Gambit	1. e4 f5 2. exf5 Nf6 3. d4 d5 4. Bd3 Nc6
2019.11.01	0-1	1656	1656	Italian Game: Scotch Gambit, de Riviere Defense	1. e4 e5 2. Nf3 Nc6 3. d4 exd4 4. Bc4 Be7
2019.11.01	0-1	2166	2377	Russian Game: Three Knights Game	1. e4 e5 2. Nf3 Nf6 3. Nc3 d5 4. exd5 e4
2019.11.01	0-1	1635	1649	King's Pawn Game: Dresden Opening	1. e4 e5 2. Nf3 Nc6 3. c4 d6 4. h3 f5
2019.11.01	0-1	1761	1881	Polish Opening	1. b4 d6 2. Bb2 e6 3. Nf3 c5 4. bxc5 dxc5
2019.11.01	0-1	1557	1615	English Defense #2	1. d4 b6 2. e4 Bb7 3. d5 c6 4. c4 cxd5
2019.11.01	0-1	1293	1292	Queen's Gambit Refused: Chigorin Defense	1. d4 d5 2. c4 Nc6 3. Nf3 dxc4 4. e3 Be6
2019.11.01	1-0	1508	1481	King's Pawn	1. e4
2019.11.01	1-0	1947	1988	Van Geet Opening	1. Nc3 Nf6 2. Nf3 d5 3. e3 g6 4. Be2 Bg7
2019.11.01	1-0	1715	1695	Ruy Lopez: Bird Variation	1. e4 e5 2. Nf3 Nc6 3. Bb5 Nd4 4. Nxd4 exd4
2019.11.01	1-0	1827	1808	Sicilian Defense: Franco-Sicilian Variation	1. e4 c5 2. Nf3 Nc6 3. d4 e6 4. d5 Nce7
2019.11.01	1-0	1456	1477	Sicilian Defense: Nyezhmetdinov-Rossolimo Attack	1. e4 c5 2. Nf3 Nc6 3. Bb5 e6 4. Bxc6 bxc6
2019.11.01	1-0	1460	1500	Queen's Gambit Refused: Albin Countergambit	1. d4 d5 2. c4 e5 3. dxe5 Nc6 4. cxd5 Nxe5
2019.11.01	1-0	1362	1331	Sicilian Defense: Grand Prix Attack	1. e4 c5 2. Nc3 Nc6 3. f4 d6 4. Nf3 Nf6
2019.11.01	1-0	2079	2014	Modern Defense	1. d4 g6 2. Nf3 Bg7 3. g3 c6 4. Bg2 d5
2019.11.01	1-0	1712	1692	Horwitz Defense	1. d4 e6 2. Bf4 d5 3. e3 Bd6 4. Bg3 Nf6
2019.11.01	1-0	1501	1515	King's Pawn Game: Nimzowitsch Defense	1. e4 Nc6 2. d4 b6 3. d5 Ne5 4. Bf4 d6
2019.11.01	1-0	1585	1594	Queen's Pawn Game: Chigorin Variation	1. d4 d5 2. Nc3 c6 3. Nf3 f6 4. h3 h6
2019.11.01	1-0	1629	1768	French Defense: Rubinstein Variation	1. e4 e6 2. Nc3 d5 3. d4 dxe4 4. Nxe4 Nf6
2019.11.01	1-0	1230	1121	Sicilian Defense: Jalalabad Variation	1. e4 e5 2. Nf3 c5 3. Nxe5 d6 4. Nf3 h6
2019.11.01	0-1	1534	1526	Sicilian Defense	1. e4 c5 2. Nf3 d6 3. Bc4 Nc6 4. O-O g6
2019.11.01	0-1	1830	1860	Queen's Pawn Game: Chigorin Variation	1. d4 d5 2. Nf3 Nc6 3. Bf4 Bf5 4. h3 e6
2019.11.01	0-1	1219	1307	King's Gambit Declined, Queen's Knight Defense	1. e4 e5 2. f4 Nc6 3. Bb5 a6 4. Bxc6 dxc6
2019.11.01	1/2-1/2	1207	1369	Alekhine Defense: Maróczy Variation	1. e4 Nf6 2. d3 e5 3. Nc3 Nc6 4. Bg5 Be7
2019.11.01	0-1	1056	1095	Van't Kruijs Opening	1. e3 e5 2. Bc4 Nc6 3. Qf3 f6 4. Qh5+ g6
2019.11.01	1-0	2100	2052	Budapest Defense: Fajarowicz Variation	1. d4 Nf6 2. c4 e5 3. dxe5 Ne4 4. a3 Nc6
2019.11.01	1-0	1039	1052	Italian Game: Giuoco Pianissimo, Normal	1. e4 e5 2. Nf3 Nc6 3. Bc4 Nf6 4. d3 Bc5
2019.11.01	1-0	1477	1597	Robatsch (Modern) Defense	1. e4 g6 2. d4 Bg7 3. Nf3 e6 4. Be2 Ne7
2019.11.01	0-1	1725	1731	Sicilian Defense: Pin Variation	1. e4 c5 2. Nf3 e6 3. d4 cxd4 4. Nxd4 Nf6
2019.11.01	0-1	1344	1387	Sicilian Defense: Modern Variations, Tartakower	1. e4 c5 2. d4 cxd4 3. c3 d6 4. Nf3 Nc6
2019.11.01	1-0	1758	1796	Alekhine Defense: Maróczy Variation	1. e4 Nf6 2. d3 d6 3. Bg5 g6 4. Bxf6 exf6
2019.11.01	1-0	1185	1129	Philidor Defense #3	1. e4 e5 2. Nf3 d6 3. Bc4 Nf6 4. Nc3 Bg4
2019.11.01	0-1	1678	1692	Queen's Pawn Game #2	1. d4 d5 2. e3 e6 3. Nc3 c6 4. Bd2 Nf6
2019.11.01	1-0	1143	1106	English Opening: Anglo-Scandinavian Defense	1. c4 d5 2. g3 dxc4 3. Qa4+ Nc6 4. Qxc4 Be6
2019.11.01	1-0	1431	1406	Modern Defense	1. d4 g6 2. Nf3 d6 3. Nbd2 Nd7 4. c3 Ngf6
2019.11.01	0-1	1498	1512	Italian Game: Evans Gambit, Main Line	1. e4 e5 2. Nf3 Nc6 3. Bc4 Bc5 4. b4 Bxb4
2019.11.01	0-1	1528	1546	Queen's Pawn Game: Mason Attack	1. d4 d5 2. Bf4 e5 3. dxe5 Nc6 4. e3 Bc5
2019.11.01	1-0	2025	1925	English Opening: Anglo-Indian Defense, Anglo-Grünfeld Variation #2	1. c4 Nf6 2. Nc3 d5 3. cxd5 Nxd5 4. g3 g6
2019.11.01	1-0	1166	1186	King's Pawn Game: Busch-Gass Gambit	1. e4 e5 2. Nf3 Bc5 3. Bc4 Qf6 4. Nc3 c6
2019.11.01	0-1	1217	1220	French Defense: Advance Variation #2	1. e4 e6 2. d4 d5 3. e5 c5 4. c3 cxd4
2019.11.01	1-0	1792	1754	Queen's Pawn Game: Symmetrical Variation	1. d4 Nf6 2. Nf3 d5 3. h3 c5 4. c3 Bf5
2019.11.01	0-1	2047	2052	Sicilian Defense: Old Sicilian	1. e4 c5 2. Nf3 Nc6 3. c3 d5 4. exd5 Qxd5
2019.11.01	0-1	1348	1259	Sicilian Defense: McDonnell Attack	1. e4 c5 2. f4 e6 3. e5 Nc6 4. Nc3 d6
2019.11.01	0-1	1481	1482	Queen's Pawn Game: Stonewall Attack	1. d4 d5 2. e3 Nf6 3. Bd3 c6 4. c3 g6
2019.11.01	0-1	2309	2321	Old Benoni Defense	1. d4 c5 2. c4 cxd4 3. Qxd4 Nc6 4. Qd2 Nf6
2019.11.01	1-0	2018	2140	Old Benoni Defense	1. d4 c5 2. c3 cxd4 3. cxd4 d6 4. e3 a6
2019.11.01	1-0	1420	1423	Sicilian Defense: Marshall Counterattack	1. e4 e6 2. Nf3 d5 3. d4 c5 4. exd5 cxd4
2019.11.01	1-0	1604	1672	Queen's Gambit Refused: Chigorin Defense	1. d4 d5 2. c4 Nc6 3. e3 dxc4 4. Bxc4 e5
2019.11.01	0-1	1294	1363	French Defense: Knight Variation	1. e4 e6 2. Nf3 c6 3. Nc3 g6 4. Be2 a6
2019.11.01	1-0	1544	1556	Philidor Defense #3	1. e4 e5 2. Nf3 d6 3. Bc4 Be6 4. Bxe6 fxe6
2019.11.01	0-1	1755	1896	Sicilian Defense: O'Kelly Variation	1. e4 c5 2. Nf3 a6 3. Bc4 e6 4. d4 b5
2019.11.01	1/2-1/2	2261	2264	Pirc Defense #4	1. e4 d6 2. f3 Nc6 3. Nc3 Bd7 4. d4 e5
2019.11.01	0-1	2122	2089	Hungarian Opening	1. g3 b6 2. Bg2 Nc6 3. Nf3 Bb7 4. O-O Nf6
2019.11.01	0-1	1017	1397	French Defense: Knight Variation	1. e4 e6 2. Nf3 d5 3. Ne5 Nf6 4. Qf3 Bd6
2019.11.01	1-0	2054	1640	Van't Kruijs Opening	1. e3 c5 2. c3 e6 3. b3 a6 4. Bb2 b5
2019.11.01	1-0	1493	1715	Indian Game	1. d4 Nf6 2. e3 g6 3. Bd3 Bg7 4. Nd2 d6
2019.11.01	0-1	1935	2253	Robatsch (Modern) Defense	1. e4 g6 2. d4 Bg7 3. e5 d6 4. f4 c5
2019.11.01	1-0	1424	1340	Owen Defense	1. e4 b6 2. c4 Bb7 3. Nc3 a6 4. d4 e6
2019.11.01	1-0	1923	1531	English Opening: Symmetrical Variation	1. c4 c5 2. g3 e6 3. Bg2 b5 4. cxb5 d5
2019.11.01	1-0	2057	2053	Alekhine Defense: Scandinavian Variation	1. e4 Nf6 2. Nc3 d5 3. exd5 Nxd5 4. d4 Nxc3
2019.11.01	0-1	1653	1462	English Opening	1. c4 d6 2. Nc3 e5 3. d3 h6 4. e4 c6
2019.11.01	1-0	1761	1749	Italian Game: Classical Variation, Giuoco Pianissimo	1. e4 e5 2. Nf3 Nc6 3. Bc4 Nf6 4. d3 Bc5
2019.11.01	0-1	1427	1420	King's Gambit Accepted, Becker Defense	1. e4 e5 2. f4 exf4 3. Nf3 h6 4. Bc4 c6
2019.11.01	1-0	1348	1353	Queen's Pawn Game: Chigorin Variation	1. d4 d5 2. Nf3 Nc6 3. Bf4 h6 4. e3 e6
2019.11.01	0-1	1884	1884	Sicilian Defense: Accelerated Dragon	1. e4 c5 2. Nf3 Nc6 3. d4 cxd4 4. Nxd4 g6
2019.11.01	0-1	1071	1062	Center Game: Normal Variation	1. e4 e5 2. d4 exd4 3. Qxd4 Nc6 4. Qd1 d6
2019.11.01	1-0	1737	1737	Queen's Pawn Game #3	1. d4 d5 2. e3 Nf6 3. a3 e6 4. b3 Nc6
2019.11.01	0-1	1289	1424	Ware Opening	1. a4 e5 2. c3 d5 3. b4 c5 4. Ba3 cxb4
2019.11.01	1/2-1/2	1656	1579	Robatsch (Modern) Defense	1. e4 g6 2. d4 Bg7 3. c3 c5 4. Be3 cxd4
2019.11.01	1-0	1272	1119	Scotch Game	1. d4 e5 2. e4 Nc6 3. Nf3 d5 4. Bd3 exd4
2019.11.01	0-1	1862	1864	Bird Opening	1. f4 d6 2. Nf3 Nf6 3. b3 g6 4. Bb2 Bg7
2019.11.01	1-0	2264	1978	Elephant Gambit	1. e4 e5 2. Nf3 d5 3. exd5 Nf6 4. Nxe5 Qxd5
2019.11.01	1/2-1/2	2026	2333	Sicilian Defense: Open	1. e4 c5 2. Nf3 Nc6 3. d4 c4 4. Bxc4 e6
2019.11.01	1/2-1/2	1290	1297	Center Game: Berger Variation	1. e4 e5 2. d4 exd4 3. Qxd4 Nc6 4. Qe3 Nf6
2019.11.01	0-1	1659	1707	Queen's Pawn Game #2	1. d4 d5 2. e3 Bf5 3. Bd3 Bxd3 4. Qxd3 a6
2019.11.01	0-1	1368	1290	Grob Opening	1. g4 e5 2. Bg2 Nf6 3. g5 Ng4 4. f3 Qxg5
2019.11.01	0-1	1995	2005	Caro-Kann Defense: Advance Variation	1. e4 c6 2. d4 d5 3. e5 Bf5 4. f4 e6
2019.11.01	0-1	1439	1478	Philidor Defense #3	1. e4 e5 2. Nf3 d6 3. Bc4 Nc6 4. d4 h6
2019.11.01	1-0	1965	1972	Benoni Defense: Benoni Gambit Accepted	1. d4 c5 2. dxc5 Nf6 3. Nf3 e6 4. Nc3 Bxc5
2019.11.01	1-0	1547	1555	Queen's Pawn Game: Mason Attack	1. d4 d5 2. Bf4 Nc6 3. e3 Bf5 4. Bd3 Qd7
2019.11.01	1-0	1704	1683	Alekhine Defense: Scandinavian Variation, Geschev Gambit	1. e4 d5 2. exd5 Nf6 3. Nc3 c6 4. dxc6 e5
2019.11.01	0-1	1569	1563	Van't Kruijs Opening	1. e3 c5 2. d4 d6 3. dxc5 dxc5 4. Nc3 Qxd1+
2019.11.01	1-0	1818	1818	Sicilian Defense: Accelerated Dragon	1. e4 c5 2. Nf3 Nc6 3. d4 cxd4 4. Nxd4 g6
2019.11.01	1-0	2082	2070	Indian Game	1. d4 Nf6 2. e3 c5 3. Nf3 cxd4 4. exd4 g6
2019.11.01	1-0	1875	1839	Queen's Pawn Game: Mason Attack	1. d4 d5 2. Bf4 Nf6 3. e3 Bf5 4. c3 e6
2019.11.01	1-0	1106	1176	English Opening: Agincourt Defense	1. c4 e6 2. Nc3 d5 3. c5 Bxc5 4. g3 Qf6
2019.11.01	0-1	1724	1791	Italian Game: Two Knights Defense, Polerio Defense, Bogoljubov Variation	1. e4 e5 2. Nf3 Nc6 3. Bc4 Nf6 4. Ng5 d5
2019.11.01	0-1	2139	2105	London System	1. d4 Nf6 2. Bf4 g6 3. Nf3 Bg7 4. e3 O-O
2019.11.01	1-0	1214	1255	Sicilian Defense: Dragon Variation	1. e4 c5 2. Nf3 d6 3. d4 cxd4 4. Nxd4 Nf6
2019.11.01	1-0	1333	1413	Queen's Gambit Refused: Albin Countergambit, Normal Line	1. d4 d5 2. c4 e5 3. dxe5 d4 4. Nf3 Bc5
2019.11.01	1-0	1680	1415	Queen's Indian Defense	1. d4 Nf6 2. Nf3 b6 3. c4 Bb7 4. d5 e6
2019.11.01	0-1	1163	1230	Scandinavian Defense	1. e4 d5 2. Nc3 d4 3. Nce2 e5 4. d3 g6
2019.11.01	1-0	1868	1897	Modern Defense	1. e4 g6 2. Nf3 Bg7 3. c3 b6 4. d4 Bb7
2019.11.01	0-1	1366	1381	Scandinavian Defense: Modern Variation #2	1. e4 d5 2. exd5 Nf6 3. Nc3 e6 4. dxe6 Bxe6
2019.11.01	0-1	1382	1330	Elephant Gambit	1. e4 e5 2. Nf3 d5 3. Nxe5 Qe7 4. d4 f6
2019.11.01	0-1	1713	1687	Italian Game: Classical Variation, Giuoco Pianissimo	1. e4 e5 2. Nf3 Nc6 3. Bc4 Bc5 4. c3 Nf6
2019.11.01	0-1	1578	1555	Scotch Game: Mieses Variation	1. e4 e5 2. Nf3 Nc6 3. d4 exd4 4. Nxd4 Nf6
2019.11.01	1-0	1995	1951	Scandinavian Defense: Modern Variation, Gipslis Variation	1. e4 d5 2. exd5 Nf6 3. d4 Nxd5 4. Nf3 Bg4
2019.11.01	0-1	1777	1803	Scotch Game	1. e4 e5 2. Nf3 Nc6 3. d4 f5 4. exf5 e4
2019.11.01	1-0	1735	1758	Queen's Pawn	1. d4 d6 2. e3 Nf6 3. Nf3 g6 4. Be2 Bg7
2019.11.01	1-0	1424	1375	King's Pawn Game: Wayward Queen Attack	1. e4 e5 2. Qh5 Nc6 3. Bc4 Nf6 4. Qxf7#
2019.11.01	1-0	2163	1809	Tarrasch Defense: Two Knights Variation	1. Nf3 e6 2. d4 d5 3. c4 c5 4. cxd5 exd5
2019.11.01	1-0	1297	1314	Sicilian Defense: Bowdler Attack	1. e4 c5 2. Bc4 Nc6 3. Nf3 d6 4. O-O g6
2019.11.01	1-0	1807	1791	Scotch Game: Göring Gambit, Main Line	1. e4 e5 2. d4 exd4 3. c3 dxc3 4. Nxc3 Nc6
2019.11.01	0-1	1977	1952	Sicilian Defense	1. e4 c5 2. Nf3 d6 3. Bc4 Nf6 4. Ng5 e6
2019.11.01	0-1	1227	1266	Bishop's Opening	1. e4 e5 2. Bc4 Nc6 3. Qf3 Nf6 4. c3 Be7
2019.11.01	1-0	1748	1754	Zukertort Opening: Queen's Gambit Invitation	1. Nf3 e6 2. d4 d5 3. c4 Nf6 4. e3 Bb4+
2019.11.01	0-1	1500	1405	French Defense: King's Indian Attack	1. e4 e6 2. d3 c5 3. f4 Ne7 4. Ne2 Nec6
2019.11.01	1-0	1592	1535	Indian Game: Omega Gambit	1. e4 Nf6 2. d4 Nxe4 3. Bd3 Nf6 4. Nf3 e6
2019.11.01	0-1	2002	2147	Sicilian Defense: Closed Variation, Traditional	1. e4 c5 2. Nc3 Nc6 3. Nf3 Nf6 4. d3 d5
2019.11.01	1-0	1635	1606	English Opening: Great Snake Variation	1. c4 g6 2. Nc3 Bg7 3. e4 e6 4. d3 c6
2019.11.01	1-0	1152	1024	Nimzo-Larsen Attack: Classical Variation	1. b3 d5 2. Bb2 d4 3. g3 e5 4. Bg2 Nf6
2019.11.01	1-0	2031	1963	English Defense #2	1. d4 b6 2. Bf4 Bb7 3. Nd2 Nf6 4. Ngf3 d6
2019.11.01	1-0	1310	1288	Nimzowitsch Defense: Scandinavian Variation, Exchange Variation	1. e4 d5 2. exd5 Qxd5 3. d4 Nc6 4. Nf3 Nf6
2019.11.01	0-1	1047	1049	Italian Game: Two Knights Defense, Modern Bishop's Opening	1. e4 e5 2. Nf3 Nc6 3. Bc4 Nf6 4. d3 Bb4+
2019.11.01	1-0	1888	1771	Sicilian Defense: French Variation	1. e4 c5 2. Nf3 e6 3. d3 Qc7 4. g3 Nc6
2019.11.01	0-1	1394	1400	French Defense: Advance Variation #3	1. e4 e6 2. d4 d5 3. e5 Ne7 4. Nf3 c5
2019.11.01	1-0	1209	1333	Russian Game: Three Knights Game	1. e4 e5 2. Nf3 Nf6 3. Nc3 Bb4 4. Bc4 Bxc3
2019.11.01	1-0	1710	1700	Modern Defense	1. d4 g6 2. c4 Bg7 3. e4 c5 4. d5 d6
2019.11.01	0-1	1687	1643	Sicilian Defense: Accelerated Dragon, Maróczy Bind	1. e4 c5 2. Nf3 g6 3. d4 cxd4 4. Nxd4 Nc6
2019.11.01	1-0	1527	1600	Sicilian Defense: Paulsen Variation, Bastrikov Variation	1. e4 c5 2. Nf3 e6 3. d4 cxd4 4. Nxd4 Nc6
2019.11.01	0-1	1607	1622	French Defense: Normal Variation	1. e4 e6 2. d4 b6 3. c4 Bb7 4. Nc3 Bb4
2019.11.01	0-1	970	1090	Rat Defense: Harmonist	1. e4 d6 2. f4 Nf6 3. Nf3 e5 4. Bc4 Be6
2019.11.01	0-1	2043	2027	Dutch Defense	1. d4 f5 2. Bf4 e6 3. e3 Nf6 4. Bd3 Be7
2019.11.01	1/2-1/2	1917	2003	Zukertort Opening: Pirc Invitation	1. Nf3 d6 2. d4 c6 3. g3 Nd7 4. Bg2 e5
2019.11.01	0-1	1742	1749	Queen's Pawn Game: Steinitz Countergambit	1. d4 d5 2. Bf4 c5 3. Nf3 Nc6 4. e3 Bg4
2019.11.01	0-1	2062	2043	King's Gambit Accepted, Modern Defense	1. e4 e5 2. f4 exf4 3. Nf3 d5 4. e5 f6
2019.11.01	1/2-1/2	2691	2674	Nimzo-Larsen Attack: English Variation	1. b3 c5 2. Bb2 Nc6 3. Nf3 Nh6 4. e3 Nf5
2019.11.01	1-0	1360	1381	Sicilian Defense: Bowdler Attack	1. e4 c5 2. Bc4 a6 3. Nf3 b5 4. Bd5 Nc6
2019.11.01	1/2-1/2	1968	1928	Modern Defense: Averbakh Variation	1. e4 g6 2. d4 Bg7 3. c4 d6 4. Nc3 e5
2019.11.01	1-0	1697	1723	Giuoco Piano	1. e4 e5 2. Nf3 Nc6 3. Bc4 Bc5 4. O-O d6
2019.11.01	0-1	1263	1243	Queen's Gambit Accepted: Central Variation, Greco Variation	1. d4 d5 2. c4 dxc4 3. e4 b5 4. b3 cxb3
2019.11.01	1-0	1731	1753	Pirc Defense	1. e4 d6 2. d4 Nf6 3. e5 Nfd7 4. Nc3 g6
2019.11.01	0-1	2075	2149	Sicilian Defense: Najdorf Variation, Adams Attack	1. e4 c5 2. Nf3 d6 3. d4 cxd4 4. Nxd4 Nf6
2019.11.01	1-0	1816	1820	Queen's Pawn Game: Chigorin Variation	1. d4 d5 2. Nf3 Nc6 3. g3 Bg4 4. Bg2 e6
2019.11.01	0-1	1529	1600	Polish Opening: Bugayev Attack	1. a3 e5 2. b4 d5 3. Bb2 Nf6 4. c4 d4
2019.11.01	0-1	1912	1884	Hungarian Opening	1. g3 d5 2. Bg2 g6 3. Nf3 Bg7 4. d4 Nf6
2019.11.01	1-0	1442	1462	Van't Kruijs Opening	1. e3 e6 2. Nf3 d5 3. Ne5 Bd6 4. Qh5 Qf6
2019.11.01	0-1	1069	1203	Center Game #2	1. e4 e5 2. d4 Qf6 3. dxe5 Qxe5 4. Nc3 Bb4
2019.11.01	0-1	1027	1062	Scandinavian Defense	1. e4 d5 2. Nc3 d4 3. Nd5 e5 4. Nf3 c6
2019.11.01	0-1	1464	1519	Queen's Gambit Accepted: Old Variation	1. d4 d5 2. c4 dxc4 3. e3 e6 4. Bxc4 Nf6
2019.11.01	0-1	2023	1959	Three Knights Opening #2	1. e4 Nc6 2. Nf3 e5 3. Nc3 Bb4 4. Bb5 d6
2019.11.01	0-1	2281	2394	Hungarian Opening: Symmetrical Variation	1. g3 g6 2. Bg2 Bg7 3. d4 d6 4. e4 Nc6
2019.11.01	1-0	1920	1910	Old Benoni Defense	1. d4 c5 2. Nf3 e6 3. dxc5 Bxc5 4. Bg5 Qb6
2019.11.01	1-0	1147	1201	Trompowsky Attack	1. d4 Nf6 2. Bg5 d5 3. e3 Nc6 4. c3 e5
2019.11.01	0-1	1607	1559	Italian Game	1. e4 e5 2. Nf3 Nc6 3. Bc4 d5 4. d3 dxc4
2019.11.01	1-0	1484	1347	Pirc Defense	1. e4 d6 2. d4 Nf6 3. Bc4 Nbd7 4. e5 dxe5
2019.11.01	0-1	1327	1305	Englund Gambit Complex: Soller Gambit Deferred	1. d4 e5 2. dxe5 Nc6 3. Nf3 f6 4. c3 fxe5
2019.11.01	0-1	2085	1988	Scotch Game	1. e4 e5 2. Nf3 Nc6 3. d4 d6 4. c3 exd4
2019.11.01	1-0	967	995	Philidor Defense	1. e4 e5 2. Nf3 d6 3. d4 Nc6 4. d5 Nce7
2019.11.01	0-1	1899	1915	Sicilian Defense: Open #2	1. e4 c5 2. d4 cxd4 3. Nf3 Nc6 4. c3 g6
2019.11.01	0-1	1500	1500	Queen's Pawn Game #2	1. d4 d5 2. e3 Bd7 3. c4 e6 4. Ne2 f6
2019.11.01	0-1	1811	1643	Indian Game: Paleface Attack, Blackmar-Diemer Gambit Deferred	1. d4 d5 2. f3 Nf6 3. e4 Nc6 4. e5 Nd7
2019.11.01	1-0	1333	1339	Sicilian Defense: Smith-Morra Gambit #2	1. e4 c5 2. d4 cxd4 3. Qxd4 Nc6 4. Qc3 e6
2019.11.01	0-1	1605	1351	King's Knight Opening	1. e4 e5 2. Nf3 g6 3. Bc4 Ne7 4. Nc3 Bg7
2019.11.01	1-0	1596	1610	Sicilian Defense: Scheveningen Variation, Classical Variation	1. e4 c5 2. Nc3 d6 3. Nf3 e6 4. Be2 Nf6
2019.11.01	0-1	1582	1594	Four Knights Game: Scotch Variation Accepted	1. e4 e5 2. Nf3 Nf6 3. Nc3 Nc6 4. d4 exd4
2019.11.01	1-0	1617	1249	Italian Game	1. e4 e5 2. Nf3 Nc6 3. Bc4 a6 4. d3 Nf6
2019.11.01	1-0	1607	1640	Russian Game: Three Knights Game	1. e4 e5 2. Nf3 Nf6 3. Nc3 d5 4. exd5 Nxd5
2019.11.01	0-1	1320	1629	Sicilian Defense: Smith-Morra Gambit Declined, Alapin Formation	1. e4 c5 2. d4 cxd4 3. c3 Nf6 4. Nf3 Nxe4
2019.11.01	0-1	1234	1682	Sicilian Defense: French Variation	1. e4 c5 2. Nf3 e6 3. Bc4 Ne7 4. Nc3 a6
2019.11.01	0-1	1565	1546	French Defense: Steiner Variation	1. c4 e6 2. e4 c6 3. e5 Be7 4. a3 f6
2019.11.01	0-1	1955	1912	Pirc Defense: Austrian Attack	1. e4 d6 2. Nc3 Nf6 3. d4 g6 4. f4 Bg7
2019.11.01	0-1	1769	1658	Queen's Gambit Accepted	1. d4 d5 2. c4 dxc4 3. Nc3 Nf6 4. e4 c5
2019.11.01	1-0	2007	1962	English Opening: Anglo-Indian Defense, Scandinavian Defense	1. Nf3 d5 2. c4 Nf6 3. cxd5 Qxd5 4. Nc3 Qd8
2019.11.01	0-1	1738	2284	King's Pawn Game	1. e4 e5 2. h3 Nc6 3. Nf3 Bc5
2019.11.01	0-1	1991	1887	Queen's Pawn Game: Chigorin Variation	1. d4 Nc6 2. Nf3 d5 3. e3 Bg4 4. Ne5 Bxd1
2019.11.01	0-1	2383	2348	Sicilian Defense: Smith-Morra Gambit Accepted, Classical Formation	1. e4 c5 2. d4 cxd4 3. c3 dxc3 4. Nxc3 Nc6
2019.11.01	0-1	2371	2374	Old Indian: Czech Variation, with Nc3	1. d4 c6 2. c4 d6 3. Nc3 Nf6 4. e4 Nbd7
2019.11.01	1-0	1231	1246	Van't Kruijs Opening	1. e3 e5 2. Nf3 Nc6 3. e4 Nf6 4. b3 Bc5
2019.11.01	1-0	1392	1401	Sicilian Defense: Old Sicilian	1. e4 c5 2. Nf3 Nc6 3. Bc4 e6 4. O-O d5
2019.11.01	0-1	1517	1453	Scandinavian Defense: Mieses-Kotroc Variation	1. e4 d5 2. exd5 Qxd5 3. Nc3 Qd8 4. Nf3 Nf6
2019.11.01	0-1	2038	1985	Modern Defense: Standard Defense	1. e4 g6 2. d4 Bg7 3. Nc3 d6 4. Bf4 Nf6
2019.11.01	1-0	1851	1834	Alekhine Defense	1. e4 Nf6 2. e5 Nd5 3. d4 d6 4. exd6 cxd6
2019.11.01	0-1	1577	1614	Scandinavian Defense	1. e4 d5 2. e5 Bf5 3. Bd3 Bxd3 4. cxd3 c5
2019.11.01	1-0	1308	1324	English Opening: Anglo-Scandinavian Defense	1. c4 d5 2. cxd5 Qxd5 3. Nc3 Qd8 4. e4 Nf6
2019.11.01	1-0	1534	1555	Grünfeld Defense: Exchange Variation	1. d4 Nf6 2. c4 g6 3. Nc3 d5 4. cxd5 Nxd5
2019.11.01	1-0	1824	1822	King's Indian Defense	1. d4 Nf6 2. c4 g6 3. Nc3 Bg7 4. Nf3 O-O
2019.11.01	1-0	1121	1217	Four Knights Game: Spanish Variation, Rubinstein Variation	1. e4 e5 2. Nf3 Nc6 3. Nc3 Nf6 4. Bb5 Nd4
2019.11.01	1-0	1715	1679	Grob Opening: Grob Gambit, Fritz Gambit	1. g4 d5 2. Bg2 Bxg4 3. c4 c6 4. Qb3 Qd7
2019.11.01	0-1	2239	2297	Modern Defense	1. d4 g6 2. Nf3 Bg7 3. g3 c5 4. Bg2 cxd4
2019.11.01	1-0	1822	1792	King's Pawn Game: Beyer Gambit	1. e4 e5 2. d4 d5 3. dxe5 d4 4. Nf3 Nc6
2019.11.01	0-1	1209	2025	Van't Kruijs Opening	1. e3 c5 2. Ne2 e6 3. Ng3 d5 4. Ne2 Nc6
2019.11.01	0-1	1270	1267	Hungarian Opening	1. g3 d5 2. d4 e6 3. Qd2 a5 4. a3 b6
2019.11.01	1-0	1685	1574	Queen's Pawn Game: Chigorin Variation	1. Nf3 d5 2. d4 Nc6 3. c4 Be6 4. Ng5 dxc4
2019.11.01	1/2-1/2	1549	1504	King's Gambit Accepted, Bishop's Gambit, Maurian Defense	1. e4 e5 2. f4 exf4 3. Bc4 Nc6 4. d4 g6
2019.11.01	0-1	1454	1382	French Defense #2	1. e4 e6 2. Bc4 a6 3. Qf3 h6 4. Nh3 c6
2019.11.01	1-0	1695	1722	Caro-Kann Defense: Hillbilly Attack	1. e4 c6 2. Bc4 d5 3. exd5 cxd5 4. Bb5+ Bd7
2019.11.01	1-0	1883	1789	Sicilian Defense: Dragon Variation	1. e4 c5 2. Nf3 d6 3. d4 cxd4 4. Nxd4 Nf6
2019.11.01	0-1	1656	1624	Sicilian Defense: Closed Variation	1. e4 c5 2. Nc3 g6 3. Nf3 Bg7 4. Be2 e6
2019.11.01	1-0	1482	1466	Bishop's Opening	1. e4 e5 2. Bc4 d6 3. d3 Be7 4. Nf3 h5
2019.11.01	0-1	1225	1221	Scandinavian Defense: Gubinsky-Melts Defense	1. e4 d5 2. exd5 Qxd5 3. Nc3 Qd6 4. d3 e5
2019.11.01	1-0	2156	1971	Scotch Game: Benima Defense	1. e4 e5 2. Nf3 Nc6 3. Bc4 Be7 4. d4 exd4
2019.11.01	0-1	1796	1752	English Opening: King's English Variation, Four Knights Variation #2	1. c4 e5 2. Nc3 Nf6 3. Nf3 Nc6 4. d4 d6
2019.11.01	0-1	1562	1574	Modern Defense	1. e4 g6 2. f4 b6 3. Nf3 Bb7 4. a3 Bg7
2019.11.01	1-0	1090	1161	Sicilian Defense: Bowdler Attack	1. e4 c5 2. Bc4 d6 3. a3 Nf6 4. Nc3 g6
2019.11.01	1-0	1218	1180	Philidor Defense #2	1. e4 e5 2. Nf3 d6 3. Nc3 f5 4. d3 f4
2019.11.01	1-0	1368	1318	King's Pawn Game: McConnell Defense	1. e4 e5 2. Nf3 Qf6 3. Bc4 Bc5 4. O-O c6
2019.11.01	0-1	1822	1855	Polish Opening	1. b4 e5 2. Bb2 f6 3. a3 d5 4. e3 a6
2019.11.01	0-1	1780	1750	Sicilian Defense: Paulsen Variation	1. e4 c5 2. Nf3 Nc6 3. d4 cxd4 4. Nxd4 e6
2019.11.01	1-0	1070	999	English Opening: The Whale	1. e4 e5 2. c4 Nf6 3. Nc3 Bc5 4. Nf3 Ng4
2019.11.01	1-0	1848	1845	Queen's Gambit Declined: Janowski Variation	1. d4 e6 2. c4 d5 3. Nc3 a6 4. cxd5 exd5
2019.11.01	1-0	1505	1355	Bishop's Opening	1. e4 e5 2. Bc4 Nc6 3. d3 Qf6 4. Nf3 h6
2019.11.01	0-1	1562	1603	Queen's Pawn Game: Zukertort Variation	1. d4 d5 2. Nf3 e6 3. Nc3 Nc6 4. Bf4 a6
2019.11.01	1-0	1300	1262	Philidor Defense #3	1. e4 e5 2. Bc4 d6 3. Nf3 Nf6 4. Ng5 Qe7
2019.11.01	1/2-1/2	1749	1650	French Defense: Exchange Variation, Svenonius Variation	1. e4 e6 2. Nc3 d5 3. exd5 exd5 4. d4 Nf6
2019.11.01	1/2-1/2	1432	1445	Sicilian Defense: Old Sicilian	1. e4 c5 2. Nf3 Nc6 3. Bc4 h6 4. c3 e5
2019.11.01	0-1	1172	1240	Sicilian Defense: Wing Gambit	1. e4 c5 2. b4 e5 3. bxc5 Bxc5 4. Nf3 Nc6
2019.11.01	0-1	1367	1389	Bishop's Opening: Vienna Hybrid	1. e4 e5 2. Nc3 Nc6 3. Bc4 Nf6 4. d3 Bc5
2019.11.01	0-1	1266	1243	French Defense: Queen's Knight	1. e4 e6 2. Nc3 d5 3. exd5 exd5 4. Qf3 Qe7+
2019.11.01	1-0	1658	1721	Modern Defense: Geller's System	1. e4 g6 2. Nf3 Bg7 3. d4 d6 4. c3 Nf6
2019.11.01	1-0	1999	2012	Dutch Defense	1. d4 f5 2. Bf4 g6 3. e3 d6 4. Nf3 Bg7
2019.11.01	1-0	2229	2243	Nimzo-Larsen Attack: Classical Variation	1. b3 d5 2. Bb2 e6 3. Qc1 Nf6 4. e3 Be7
2019.11.01	1-0	1131	1161	Four Knights Game: Ranken Variation	1. e4 e5 2. Nf3 Nc6 3. Nc3 Nf6 4. Bb5 a6
2019.11.01	1-0	1951	1988	Duras Gambit	1. e4 f5 2. Nc3 fxe4 3. Nxe4 Nf6 4. Nxf6+ exf6
2019.11.01	0-1	1748	1736	Caro-Kann Defense: Exchange Variation, Rubinstein Variation	1. e4 c6 2. d4 d5 3. exd5 cxd5 4. Bd3 Nf6
2019.11.01	0-1	1576	1559	Englund Gambit Declined, Reversed French	1. d4 e5 2. e3 exd4 3. Qxd4 Nf6 4. Qd1 d6
2019.11.01	0-1	1612	1582	Ruy Lopez: Closed Variations, Martinez Variation	1. e4 e5 2. Nf3 Nc6 3. Bb5 a6 4. Ba4 Nf6
2019.11.01	1-0	1759	1763	Modern Defense: Two Knights Variation	1. Nf3 g6 2. Nc3 Bg7 3. e4 d6 4. d4 Bg4
2019.11.01	0-1	1996	2002	Sicilian Defense: Bowdler Attack	1. e4 c5 2. Bc4 a6 3. d3 e6 4. a3 d5
